feat,importance
k__Bacteria|p__Firmicutes|c__Clostridia|o__Clostridiales|f__Ruminococcaceae|g__Ruminococcus|s__Ruminococcus_lactaris,13.971515988407186
k__Bacteria|p__Proteobacteria|c__Deltaproteobacteria|o__Desulfovibrionales|f__Desulfovibrionaceae|g__Bilophila|s__Bilophila_wadsworthia,13.463938559201772
k__Bacteria|p__Proteobacteria|c__Deltaproteobacteria|o__Desulfovibrionales|f__Desulfovibrionaceae|g__Bilophila|s__Bilophila_unclassified,12.139355330669783
k__Bacteria|p__Firmicutes|c__Clostridia|o__Clostridiales|f__Lachnospiraceae|g__Lachnospiraceae_noname|s__Lachnospiraceae_bacterium_8_1_57FAA,8.644272905388785
k__Bacteria|p__Deinococcus_Thermus|c__Deinococci|o__Deinococcales|f__Deinococcaceae|g__Deinococcus|s__Deinococcus_unclassified,6.467246842460003
k__Bacteria|p__Firmicutes|c__Clostridia|o__Clostridiales|f__Lachnospiraceae|g__Dorea|s__Dorea_formicigenerans,6.432964776293371
k__Bacteria|p__Bacteroidetes|c__Bacteroidia|o__Bacteroidales|f__Rikenellaceae|g__Alistipes|s__Alistipes_unclassified,6.436047494508958
k__Bacteria|p__Bacteroidetes|c__Bacteroidia|o__Bacteroidales|f__Bacteroidaceae|g__Bacteroides|s__Bacteroides_massiliensis,6.001295966023457
k__Bacteria|p__Firmicutes|c__Clostridia|o__Clostridiales|f__Ruminococcaceae|g__Ruminococcus|s__Ruminococcus_bromii,6.551414639223363
k__Bacteria|p__Firmicutes|c__Negativicutes|o__Selenomonadales|f__Veillonellaceae|g__Megasphaera|s__Megasphaera_unclassified,6.255037800779965
k__Bacteria|p__Bacteroidetes|c__Bacteroidia|o__Bacteroidales|f__Rikenellaceae|g__Alistipes|s__Alistipes_indistinctus,6.103874862987135
k__Bacteria|p__Firmicutes|c__Clostridia|o__Clostridiales|f__Lachnospiraceae|g__Coprococcus|s__Coprococcus_catus,6.0331118182220935
K02805,5.966188524638705
k__Bacteria|p__Actinobacteria|c__Actinobacteria|o__Bifidobacteriales|f__Bifidobacteriaceae|g__Bifidobacterium|s__Bifidobacterium_angulatum,5.812383608135853
k__Bacteria|p__Bacteroidetes|c__Bacteroidia|o__Bacteroidales|f__Rikenellaceae|g__Alistipes|s__Alistipes_senegalensis,5.8112110722722665
k__Bacteria|p__Bacteroidetes|c__Bacteroidia|o__Bacteroidales|f__Bacteroidaceae|g__Bacteroides|s__Bacteroides_coprophilus,5.6758857613895035
k__Bacteria|p__Firmicutes|c__Clostridia|o__Clostridiales|f__Clostridiaceae|g__Clostridium|s__Clostridium_leptum,5.286743626289528
K03335,5.115685086067964
k__Bacteria|p__Firmicutes|c__Clostridia|o__Clostridiales|f__Lachnospiraceae|g__Blautia|s__Ruminococcus_torques,5.034575135781775
k__Bacteria|p__Bacteroidetes|c__Bacteroidia|o__Bacteroidales|f__Rikenellaceae|g__Alistipes|s__Alistipes_shahii,4.939577589502728
k__Bacteria|p__Bacteroidetes|c__Bacteroidia|o__Bacteroidales|f__Rikenellaceae|g__Alistipes|s__Alistipes_putredinis,4.8878199530340645
k__Bacteria|p__Bacteroidetes|c__Bacteroidia|o__Bacteroidales|f__Bacteroidaceae|g__Bacteroides|s__Bacteroides_fragilis,4.858868444069224
k__Bacteria|p__Proteobacteria|c__Betaproteobacteria|o__Burkholderiales|f__Sutterellaceae|g__Parasutterella|s__Parasutterella_excrementihominis,4.793914094625498
k__Bacteria|p__Bacteroidetes|c__Bacteroidia|o__Bacteroidales|f__Bacteroidaceae|g__Bacteroides|s__Bacteroides_eggerthii,4.716759925970102
k__Bacteria|p__Firmicutes|c__Clostridia|o__Clostridiales|f__Clostridiales_noname|g__Pseudoflavonifractor|s__Pseudoflavonifractor_capillosus,4.7135357535689675
k__Bacteria|p__Firmicutes|c__Negativicutes|o__Selenomonadales|f__Veillonellaceae|g__Mitsuokella|s__Mitsuokella_unclassified,4.707148090095865
k__Bacteria|p__Firmicutes|c__Erysipelotrichia|o__Erysipelotrichales|f__Erysipelotrichaceae|g__Turicibacter|s__Turicibacter_unclassified,4.646468787594128
K18349,4.56573885585021
k__Bacteria|p__Proteobacteria|c__Betaproteobacteria|o__Burkholderiales|f__Burkholderiales_noname|g__Burkholderiales_noname|s__Burkholderiales_bacterium_1_1_47,4.5551347581494985
k__Bacteria|p__Bacteroidetes|c__Bacteroidia|o__Bacteroidales|f__Bacteroidaceae|g__Bacteroides|s__Bacteroides_ovatus,4.515345520929255
K00756,4.4063331796678495
k__Bacteria|p__Proteobacteria|c__Betaproteobacteria|o__Burkholderiales|f__Burkholderiaceae|g__Burkholderia|s__Burkholderia_unclassified,4.168488872237498
k__Bacteria|p__Bacteroidetes|c__Bacteroidia|o__Bacteroidales|f__Bacteroidaceae|g__Bacteroides|s__Bacteroides_clarus,4.125404745871485
k__Bacteria|p__Firmicutes|c__Negativicutes|o__Selenomonadales|f__Veillonellaceae|g__Veillonella|s__Veillonella_atypica,4.093641644604755
k__Bacteria|p__Firmicutes|c__Negativicutes|o__Selenomonadales|f__Veillonellaceae|g__Veillonella|s__Veillonella_parvula,4.068491161713605
K16113,4.022090027086956
k__Bacteria|p__Firmicutes|c__Clostridia|o__Clostridiales|f__Lachnospiraceae|g__Coprococcus|s__Coprococcus_sp_ART55_1,3.9662735004001157
k__Bacteria|p__Actinobacteria|c__Actinobacteria|o__Coriobacteriales|f__Coriobacteriaceae|g__Collinsella|s__Collinsella_unclassified,3.955240612645857
k__Bacteria|p__Bacteroidetes|c__Bacteroidia|o__Bacteroidales|f__Bacteroidaceae|g__Bacteroides|s__Bacteroides_stercoris,3.8088952354253185
K02473,3.7917035119462494
K07461,3.777218639756027
K08174,3.764364615364676
k__Bacteria|p__Firmicutes|c__Clostridia|o__Clostridiales|f__Lachnospiraceae|g__Roseburia|s__Roseburia_inulinivorans,3.746883645260819
K02016,3.6918721614128973
K16213,3.6678523963919343
k__Bacteria|p__Firmicutes|c__Negativicutes|o__Selenomonadales|f__Veillonellaceae|g__Dialister|s__Dialister_invisus,3.584551634237865
K01191,3.5580942530068516
K04748,3.536461016314202
K24041,3.5256195203619405
K00878,3.50828899396583
k__Bacteria|p__Firmicutes|c__Clostridia|o__Clostridiales|f__Eubacteriaceae|g__Eubacterium|s__Eubacterium_siraeum,3.504531568872375
k__Bacteria|p__Firmicutes|c__Clostridia|o__Clostridiales|f__Ruminococcaceae|g__Ruminococcus|s__Ruminococcus_champanellensis,3.476228995888952
K00718,3.4465008142724383
k__Bacteria|p__Firmicutes|c__Erysipelotrichia|o__Erysipelotrichales|f__Erysipelotrichaceae|g__Erysipelotrichaceae_noname|s__Eubacterium_biforme,3.441561647952764
K25153,3.4392187757257457
K20345,3.4337326263776013
k__Bacteria|p__Firmicutes|c__Clostridia|o__Clostridiales|f__Ruminococcaceae|g__Ruminococcus|s__Ruminococcus_flavefaciens,3.4320063475097364
K00561,3.378548107499679
k__Bacteria|p__Firmicutes|c__Clostridia|o__Clostridiales|f__Ruminococcaceae|g__Ruminococcus|s__Ruminococcus_sp_5_1_39BFAA,3.369785370814494
k__Bacteria|p__Firmicutes|c__Clostridia|o__Clostridiales|f__Oscillospiraceae|g__Oscillibacter|s__Oscillibacter_sp_KLE_1745,3.3606728138229234
k__Bacteria|p__Firmicutes|c__Clostridia|o__Clostridiales|f__Clostridiaceae|g__Clostridium|s__Clostridium_celatum,3.348531626434116
K21107,3.3170594677021614
k__Bacteria|p__Verrucomicrobia|c__Verrucomicrobiae|o__Verrucomicrobiales|f__Verrucomicrobiaceae|g__Akkermansia|s__Akkermansia_muciniphila,3.2995481976795364
K07089,3.290898112209102
K07318,3.2774888415169676
K06904,3.2359766529516456
k__Bacteria|p__Bacteroidetes|c__Bacteroidia|o__Bacteroidales|f__Bacteroidaceae|g__Bacteroides|s__Bacteroides_salanitronis,3.231694139161835
K00526,3.2316298773221166
K16694,3.20870816012484
K01156,3.1968538888104336
K07035,3.185046776576195
K01308,3.179166823641931
K20572,3.1771041354004366
k__Bacteria|p__Proteobacteria|c__Gammaproteobacteria|o__Enterobacteriales|f__Enterobacteriaceae|g__Enterobacter|s__Enterobacter_cloacae,3.1628122731781216
K07323,3.1571378538683317
k__Bacteria|p__Firmicutes|c__Clostridia|o__Clostridiales|f__Eubacteriaceae|g__Eubacterium|s__Eubacterium_rectale,3.1440162525759616
k__Bacteria|p__Firmicutes|c__Bacilli|o__Lactobacillales|f__Lactobacillaceae|g__Lactobacillus|s__Lactobacillus_ruminis,3.136371109474559
k__Bacteria|p__Firmicutes|c__Clostridia|o__Clostridiales|f__Peptostreptococcaceae|g__Peptostreptococcaceae_noname|s__Peptostreptococcaceae_noname_unclassified,3.1356654231421963
K01494,3.1312273915063957
K17319,3.119024718413125
K07316,3.1025368674163456
k__Bacteria|p__Proteobacteria|c__Deltaproteobacteria|o__Desulfovibrionales|f__Desulfovibrionaceae|g__Desulfovibrio|s__Desulfovibrio_piger,3.0994041964295267
K03830,3.058412609896545
K11690,3.0490135941326995
K14415,3.0485270090794057
k__Bacteria|p__Proteobacteria|c__Gammaproteobacteria|o__Enterobacteriales|f__Enterobacteriaceae|g__Citrobacter|s__Citrobacter_freundii,3.0151876905329043
K12630,2.9771253512285476
K01961,2.96292983675084
K21168,2.9449862649171297
k__Bacteria|p__Bacteroidetes|c__Bacteroidia|o__Bacteroidales|f__Porphyromonadaceae|g__Parabacteroides|s__Parabacteroides_unclassified,2.927392166360275
k__Bacteria|p__Actinobacteria|c__Actinobacteria|o__Bifidobacteriales|f__Bifidobacteriaceae|g__Bifidobacterium|s__Bifidobacterium_bifidum,2.916309301520512
K11358,2.893651657350343
K02654,2.8903852633302414
K09952,2.8740218886086915
k__Bacteria|p__Firmicutes|c__Clostridia|o__Clostridiales|f__Ruminococcaceae|g__Ruminococcus|s__Ruminococcus_callidus,2.856590943446911
K10439,2.8519818848504843
K07504,2.8478732805879132
K13993,2.845514251617712
K18350,2.8376686642222904
K06934,2.831426840114199
k__Bacteria|p__Firmicutes|c__Clostridia|o__Clostridiales|f__Lachnospiraceae|g__Roseburia|s__Roseburia_intestinalis,2.8206752341793564
K18828,2.819902856892436
K01963,2.8160106096847772
k__Bacteria|p__Bacteroidetes|c__Bacteroidia|o__Bacteroidales|f__Bacteroidaceae|g__Bacteroides|s__Bacteroides_intestinalis,2.80970399254874
k__Bacteria|p__Firmicutes|c__Erysipelotrichia|o__Erysipelotrichales|f__Erysipelotrichaceae|g__Erysipelotrichaceae_noname|s__Eubacterium_cylindroides,2.807128726202791
K19545,2.7912729503441325
k__Bacteria|p__Firmicutes|c__Negativicutes|o__Selenomonadales|f__Veillonellaceae|g__Veillonella|s__Veillonella_dispar,2.788851213947052
k__Bacteria|p__Firmicutes|c__Clostridia|o__Clostridiales|f__Eubacteriaceae|g__Eubacterium|s__Eubacterium_hallii,2.7777464321625254
K19854,2.7677645111853013
K07096,2.7649577010537607
K01607,2.7524745944978086
K03594,2.749782317499917
k__Bacteria|p__Bacteroidetes|c__Bacteroidia|o__Bacteroidales|f__Bacteroidaceae|g__Bacteroides|s__Bacteroides_faecis,2.73963228453158
K12911,2.7394036852310784
K21394,2.7393380757111996
k__Bacteria|p__Firmicutes|c__Clostridia|o__Clostridiales|f__Lachnospiraceae|g__Lachnospiraceae_noname|s__Lachnospiraceae_bacterium_3_1_46FAA,2.7175946732313583
K23072,2.7158975402344314
K17318,2.71581291465554
K02470,2.71359273020607
K06877,2.711298269969741
k__Bacteria|p__Bacteroidetes|c__Bacteroidia|o__Bacteroidales|f__Porphyromonadaceae|g__Coprobacter|s__Coprobacter_fastidiosus,2.7055710434842637
K09974,2.7009140978170736
K19171,2.698191339613909
K13684,2.69769089441615
K19118,2.6959992287920564
k__Bacteria|p__Firmicutes|c__Negativicutes|o__Selenomonadales|f__Veillonellaceae|g__Veillonella|s__Veillonella_unclassified,2.6951315737387627
K03658,2.6801318593249683
k__Bacteria|p__Bacteroidetes|c__Bacteroidia|o__Bacteroidales|f__Bacteroidaceae|g__Bacteroides|s__Bacteroides_uniformis,2.677599856822775
k__Bacteria|p__Actinobacteria|c__Actinobacteria|o__Coriobacteriales|f__Coriobacteriaceae|g__Eggerthella|s__Eggerthella_unclassified,2.669813131415135
K20883,2.6599880143517067
K02279,2.6390849413082775
K09144,2.6088114847443613
k__Bacteria|p__Bacteroidetes|c__Sphingobacteriia|o__Sphingobacteriales|f__Sphingobacteriaceae|g__Pedobacter|s__Pedobacter_unclassified,2.6024481637286887
K19157,2.5927135644280925
K01518,2.5854844677669426
K20680,2.5830757836815748
K02472,2.578020078184632
k__Bacteria|p__Firmicutes|c__Erysipelotrichia|o__Erysipelotrichales|f__Erysipelotrichaceae|g__Turicibacter|s__Turicibacter_sanguinis,2.5744041850211876
k__Bacteria|p__Bacteroidetes|c__Bacteroidia|o__Bacteroidales|f__Bacteroidaceae|g__Bacteroides|s__Bacteroides_caccae,2.5723346350068774
K01318,2.5707094523240777
k__Bacteria|p__Firmicutes|c__Clostridia|o__Clostridiales|f__Ruminococcaceae|g__Faecalibacterium|s__Faecalibacterium_prausnitzii,2.5645226149426854
K07148,2.562153372364261
K02413,2.5443804488750135
k__Bacteria|p__Firmicutes|c__Clostridia|o__Clostridiales|f__Lachnospiraceae|g__Lachnospiraceae_noname|s__Lachnospiraceae_bacterium_1_4_56FAA,2.51452781807165
K03586,2.5142568435094246
k__Bacteria|p__Actinobacteria|c__Actinobacteria|o__Bifidobacteriales|f__Bifidobacteriaceae|g__Bifidobacterium|s__Bifidobacterium_adolescentis,2.5082895747327667
K08217,2.499904460444664
k__Bacteria|p__Bacteroidetes|c__Bacteroidia|o__Bacteroidales|f__Rikenellaceae|g__Alistipes|s__Alistipes_onderdonkii,2.4952773915192616
K24250,2.493097019505507
K19147,2.4884936552443806
k__Bacteria|p__Firmicutes|c__Clostridia|o__Clostridiales|f__Clostridiaceae|g__Clostridium|s__Clostridium_citroniae,2.486492427415209
k__Bacteria|p__Firmicutes|c__Erysipelotrichia|o__Erysipelotrichales|f__Erysipelotrichaceae|g__Erysipelotrichaceae_noname|s__Clostridium_spiroforme,2.474025453713911
k__Bacteria|p__Firmicutes|c__Clostridia|o__Clostridiales|f__Ruminococcaceae|g__Subdoligranulum|s__Subdoligranulum_unclassified,2.473619830094317
K06909,2.468197085676964
K13532,2.4585750273108675
K02408,2.451869914373669
k__Bacteria|p__Firmicutes|c__Clostridia|o__Clostridiales|f__Lachnospiraceae|g__Lachnospiraceae_noname|s__Lachnospiraceae_bacterium_7_1_58FAA,2.449738422736113
K00973,2.4289506309432856
k__Bacteria|p__Firmicutes|c__Clostridia|o__Clostridiales|f__Clostridiaceae|g__Clostridium|s__Clostridium_symbiosum,2.4196686303621315
K07025,2.416665584052676
k__Bacteria|p__Firmicutes|c__Clostridia|o__Clostridiales|f__Lachnospiraceae|g__Roseburia|s__Roseburia_unclassified,2.415837323234875
K10112,2.4148781054391244
k__Bacteria|p__Bacteroidetes|c__Bacteroidia|o__Bacteroidales|f__Prevotellaceae|g__Prevotella|s__Prevotella_bivia,2.4137239436386095
K18785,2.4134636668677536
K05515,2.4113875969633183
K02407,2.408023828385919
K02123,2.406137332807699
K02551,2.4034495175001176
K19271,2.3879879504901815
K19048,2.375415551086913
K00525,2.3581650734943165
K03284,2.356533210118864
k__Bacteria|p__Firmicutes|c__Erysipelotrichia|o__Erysipelotrichales|f__Erysipelotrichaceae|g__Holdemania|s__Holdemania_filiformis,2.3563135770441437
K01214,2.3487479460018177
K01575,2.342345446677879
k__Bacteria|p__Firmicutes|c__Clostridia|o__Clostridiales|f__Lachnospiraceae|g__Butyrivibrio|s__Butyrivibrio_unclassified,2.33473827469424
K05795,2.3273368625386817
k__Bacteria|p__Bacteroidetes|c__Bacteroidia|o__Bacteroidales|f__Porphyromonadaceae|g__Parabacteroides|s__Parabacteroides_distasonis,2.323860653639709
K02050,2.321316260087765
k__Bacteria|p__Proteobacteria|c__Gammaproteobacteria|o__Pasteurellales|f__Pasteurellaceae|g__Haemophilus|s__Haemophilus_sputorum,2.3131525830794932
K01442,2.3115736838080876
K21330,2.3074135622338705
K17320,2.3062309147498987
K13052,2.305589893832799
K03574,2.304358173851649
K08483,2.2981810035053
K01259,2.296916497863999
k__Bacteria|p__Firmicutes|c__Clostridia|o__Clostridiales|f__Eubacteriaceae|g__Eubacterium|s__Eubacterium_eligens,2.2959077698724246
k__Bacteria|p__Proteobacteria|c__Betaproteobacteria|o__Burkholderiales|f__Sutterellaceae|g__Sutterella|s__Sutterella_wadsworthensis,2.2874146937483553
K19117,2.2832012760882154
K20591,2.2703147146185048
K07486,2.265868190792385
k__Bacteria|p__Bacteroidetes|c__Bacteroidia|o__Bacteroidales|f__Rikenellaceae|g__Alistipes|s__Alistipes_finegoldii,2.262029328019703
k__Bacteria|p__Bacteroidetes|c__Bacteroidia|o__Bacteroidales|f__Bacteroidaceae|g__Bacteroides|s__Bacteroides_thetaiotaomicron,2.254428930684294
k__Bacteria|p__Bacteroidetes|c__Bacteroidia|o__Bacteroidales|f__Rikenellaceae|g__Alistipes|s__Alistipes_sp_AP11,2.2529102726402876
k__Bacteria|p__Proteobacteria|c__Gammaproteobacteria|o__Enterobacteriales|f__Enterobacteriaceae|g__Escherichia|s__Escherichia_unclassified,2.252033049548112
K10441,2.2519996382156022
K12132,2.250404185640941
K07467,2.248058829371981
K16710,2.2474215130462136
K17810,2.246522437335439
K04940,2.242455391020481
k__Bacteria|p__Proteobacteria|c__Betaproteobacteria|o__Burkholderiales|f__Oxalobacteraceae|g__Oxalobacter|s__Oxalobacter_formigenes,2.2340014451474373
K00346,2.232612622727623
K07133,2.2282282769519917
k__Archaea|p__Euryarchaeota|c__Methanobacteria|o__Methanobacteriales|f__Methanobacteriaceae|g__Methanobrevibacter|s__Methanobrevibacter_smithii,2.224214079673396
k__Bacteria|p__Bacteroidetes|c__Bacteroidia|o__Bacteroidales|f__Bacteroidaceae|g__Bacteroides|s__Bacteroides_vulgatus,2.222582950496868
K22905,2.220306704768514
K16698,2.2093085672386197
K03564,2.2003293344182513
K21326,2.194321052418668
K07474,2.1900448942751565
K11031,2.1867971448336854
K07450,2.183916925089303
K21471,2.1755883017576667
K22719,2.1696653511253263
K00647,2.1678379759687187
k__Bacteria|p__Firmicutes|c__Negativicutes|o__Selenomonadales|f__Veillonellaceae|g__Megasphaera|s__Megasphaera_elsdenii,2.164955446321974
k__Bacteria|p__Actinobacteria|c__Actinobacteria|o__Coriobacteriales|f__Coriobacteriaceae|g__Gordonibacter|s__Gordonibacter_pamelaeae,2.1470404753272225
k__Bacteria|p__Firmicutes|c__Erysipelotrichia|o__Erysipelotrichales|f__Erysipelotrichaceae|g__Coprobacillus|s__Coprobacillus_sp_D6,2.146017043398381
k__Bacteria|p__Firmicutes|c__Clostridia|o__Clostridiales|f__Lachnospiraceae|g__Blautia|s__Blautia_hydrogenotrophica,2.1328834217783785
K02418,2.132448929176459
K01471,2.130889878177408
K07452,2.129252095925037
K15971,2.1242589934663503
k__Bacteria|p__Bacteroidetes|c__Bacteroidia|o__Bacteroidales|f__Rikenellaceae|g__Alistipes|s__Alistipes_sp_HGB5,2.1239121928811002
K06200,2.119092085476945
K23775,2.1177167706591673
K00943,2.1166393186722363
K02385,2.1059216372591387
K02478,2.1005324607463027
K03151,2.0967982998527055
K20490,2.096519713648373
K13683,2.096337184508226
K06132,2.096285472412996
k__Bacteria|p__Firmicutes|c__Clostridia|o__Clostridiales|f__Lachnospiraceae|g__Blautia|s__Ruminococcus_obeum,2.094611434163649
K01929,2.0927852863965155
K02469,2.0923940303255177
K07816,2.0909396890128815
K20984,2.0893945065537283
K21836,2.0876862290223475
k__Bacteria|p__Bacteroidetes|c__Bacteroidia|o__Bacteroidales|f__Porphyromonadaceae|g__Parabacteroides|s__Parabacteroides_sp_D13,2.087432687752873
K05791,2.086121161262774
K06412,2.0861158572879464
K16870,2.0786780252328714
K10541,2.0737226897876964
K03543,2.0735371238042672
K20679,2.0730566905740453
K05275,2.0703037866260225
k__Bacteria|p__Firmicutes|c__Clostridia|o__Clostridiales|f__Ruminococcaceae|g__Ruminococcaceae_noname|s__Ruminococcaceae_bacterium_D16,2.0645041019888533
K16329,2.06288437674811
K02067,2.058046546682813
K18784,2.055531972261019
k__Bacteria|p__Firmicutes|c__Bacilli|o__Lactobacillales|f__Streptococcaceae|g__Streptococcus|s__Streptococcus_thermophilus,2.054605780496781
k__Bacteria|p__Proteobacteria|c__Betaproteobacteria|o__Burkholderiales|f__Sutterellaceae|g__Sutterellaceae_unclassified,2.051430525139943
k__Bacteria|p__Firmicutes|c__Clostridia|o__Clostridiales|f__Lachnospiraceae|g__Coprococcus|s__Coprococcus_comes,2.047756572548674
K11068,2.047023377773254
K03118,2.043776509747653
K19049,2.042945244233119
k__Bacteria|p__Bacteroidetes|c__Bacteroidia|o__Bacteroidales|f__Bacteroidales_noname|g__Bacteroidales_noname|s__Bacteroidales_bacterium_ph8,2.042147855021535
K03630,2.036965585645244
k__Bacteria|p__Firmicutes|c__Clostridia|o__Clostridiales|f__Lachnospiraceae|g__Lachnospiraceae_noname|s__Lachnospiraceae_bacterium_5_1_57FAA,2.036908490379563
K03466,2.0357402152621913
K25086,2.020929769918436
K06940,2.0200829568439023
K01935,2.019671754110272
K22300,2.019019244519763
K10212,2.0163073605813184
K26217,2.01520861130211
K23102,2.0152018250082584
K07341,2.012896373800682
K07705,2.0109210342598036
K03286,2.0081506979786314
K23105,2.0072954177485323
K01709,2.005315534306643
k__Bacteria|p__Firmicutes|c__Erysipelotrichia|o__Erysipelotrichales|f__Erysipelotrichaceae|g__Erysipelotrichaceae_noname|s__Erysipelotrichaceae_bacterium_21_3,2.0034512339334416
K01246,2.000981196402786
K03643,1.983146803532231
K07459,1.982907761448809
k__Bacteria|p__Bacteroidetes|c__Bacteroidia|o__Bacteroidales|f__Bacteroidaceae|g__Bacteroides|s__Bacteroides_coprocola,1.9756901800574216
k__Bacteria|p__Actinobacteria|c__Actinobacteria|o__Coriobacteriales|f__Coriobacteriaceae|g__Coriobacteriaceae_noname|s__Coriobacteriaceae_bacterium_phI,1.9739263320516258
K01489,1.9736095728876513
K00852,1.9717540081606977
K04043,1.9685568854420081
k__Bacteria|p__Proteobacteria|c__Gammaproteobacteria|o__Enterobacteriales|f__Enterobacteriaceae|g__Pantoea|s__Pantoea_unclassified,1.9649218707490912
K03573,1.9641639273486324
K17108,1.9602579330312395
K05967,1.954561226777182
K08175,1.9529068330884798
k__Bacteria|p__Firmicutes|c__Bacilli|o__Lactobacillales|f__Streptococcaceae|g__Streptococcus|s__Streptococcus_infantis,1.9491088099675773
K06919,1.9363104964577318
K02015,1.9288412759306048
k__Bacteria|p__Actinobacteria|c__Actinobacteria|o__Bifidobacteriales|f__Bifidobacteriaceae|g__Bifidobacterium|s__Bifidobacterium_dentium,1.925253760666231
K04072,1.9215752545078384
K21472,1.9194528046463324
k__Bacteria|p__Bacteroidetes|c__Bacteroidia|o__Bacteroidales|f__Porphyromonadaceae|g__Barnesiella|s__Barnesiella_intestinihominis,1.9127341652638223
K06406,1.9078229295532723
K06398,1.9012881259986858
k__Bacteria|p__Firmicutes|c__Negativicutes|o__Selenomonadales|f__Veillonellaceae|g__Megamonas|s__Megamonas_unclassified,1.8951523577020337
K00703,1.8934142422658597
k__Bacteria|p__Firmicutes|c__Clostridia|o__Clostridiales|f__Clostridiaceae|g__Clostridium|s__Clostridium_clostridioforme,1.8911310735274962
K05946,1.8863372959221985
k__Bacteria|p__Firmicutes|c__Clostridia|o__Clostridiales|f__Clostridiales_noname|g__Clostridiales_noname|s__Clostridiales_bacterium_1_7_47FAA,1.8846213695069227
K02897,1.8816508769489189
K16107,1.879075268836454
K14058,1.8767915062198846
K03634,1.8760440177502409
K08307,1.8664802446837656
k__Bacteria|p__Actinobacteria|c__Actinobacteria|o__Coriobacteriales|f__Coriobacteriaceae|g__Olsenella|s__Olsenella_unclassified,1.8663098044160564
K21929,1.8657272898999462
k__Bacteria|p__Firmicutes|c__Clostridia|o__Clostridiales|f__Ruminococcaceae|g__Anaerotruncus|s__Anaerotruncus_colihominis,1.8641799500448932
K03651,1.8597207878199185
K06199,1.8488156419334651
K11089,1.847684060561726
K15857,1.8474724685750006
K03972,1.8470911555400515
k__Bacteria|p__Firmicutes|c__Clostridia|o__Clostridiales|f__Clostridiaceae|g__Clostridium|s__Clostridium_sp_L2_50,1.8463875220877488
K03571,1.8437377865866402
K23888,1.8423355770373706
K01160,1.8413972430762402
k__Bacteria|p__Firmicutes|c__Negativicutes|o__Selenomonadales|f__Veillonellaceae|g__Mitsuokella|s__Mitsuokella_multacida,1.8413228065364744
K21395,1.8405766100868226
K01834,1.8403374825857055
K15738,1.838228862964565
K06393,1.8295545369819548
k__Bacteria|p__Bacteroidetes|c__Bacteroidia|o__Bacteroidales|f__Bacteroidaceae|g__Bacteroides|s__Bacteroides_xylanisolvens,1.828680907153279
K01465,1.8266813474365287
K01823,1.8266597750043698
K07172,1.8256318418862005
K01524,1.8213730186580472
k__Bacteria|p__Firmicutes|c__Clostridia|o__Clostridiales|f__Clostridiales_noname|g__Flavonifractor|s__Flavonifractor_plautii,1.8187334027024882
k__Bacteria|p__Actinobacteria|c__Actinobacteria|o__Coriobacteriales|f__Coriobacteriaceae|g__Slackia|s__Slackia_piriformis,1.8184447913799684
K05521,1.8164848722790299
K16906,1.815435318429075
K07029,1.813789557845206
K07404,1.8067658465661198
K18700,1.8054593202048148
K07220,1.7962768590150464
K11717,1.7956958779068313
K01814,1.7949593850462924
K02387,1.7912597208123726
K10542,1.7888085641180789
K19353,1.7865658197661058
K00806,1.7853360867466077
K15530,1.7850109731893964
K03086,1.7849300831576276
K00978,1.781986069814589
K02395,1.780289358469869
K00078,1.7802178664742268
k__Bacteria|p__Firmicutes|c__Clostridia|o__Clostridiales|f__Lachnospiraceae|g__Roseburia|s__Roseburia_hominis,1.7769431157794275
K05807,1.773748218040732
K16111,1.77262825168145
K07464,1.7712036150638792
k__Bacteria|p__Firmicutes|c__Clostridia|o__Clostridiales|f__Eubacteriaceae|g__Eubacterium|s__Eubacterium_ventriosum,1.7599753119429762
K01728,1.7598572807255504
k__Bacteria|p__Firmicutes|c__Bacilli|o__Lactobacillales|f__Lactobacillaceae|g__Lactobacillus|s__Lactobacillus_delbrueckii,1.758526927791531
K07494,1.7537977040046786
k__Bacteria|p__Actinobacteria|c__Actinobacteria|o__Coriobacteriales|f__Coriobacteriaceae|g__Adlercreutzia|s__Adlercreutzia_equolifaciens,1.7386604317198309
k__Bacteria|p__Actinobacteria|c__Actinobacteria|o__Coriobacteriales|f__Coriobacteriaceae|g__Collinsella|s__Collinsella_aerofaciens,1.738151671351484
K12251,1.7321476856254734
k__Bacteria|p__Proteobacteria|c__Gammaproteobacteria|o__Aeromonadales|f__Succinivibrionaceae|g__Succinatimonas|s__Succinatimonas_hippei,1.7282331429996705
K26072,1.7219474260946228
K00560,1.7191264441953493
K20442,1.717771118851484
K20568,1.7147953758692371
K03588,1.714264651294793
K03695,1.710957830917319
K03218,1.7108402243341023
K03325,1.710477782966332
K03503,1.7097957297346453
K02071,1.7054832747147892
K16511,1.7045914529662656
K07271,1.7030150707005265
K09013,1.701273581853453
K01218,1.6971113173303807
K02032,1.6880692661220515
K21352,1.687771684760715
K15570,1.6872215229228074
K06950,1.6868415441058433
K06407,1.686766947102736
k__Bacteria|p__Firmicutes|c__Clostridia|o__Clostridiales|f__Peptostreptococcaceae|g__Peptostreptococcaceae_noname|s__Clostridium_bartlettii,1.684271535428702
K23101,1.6840770130283957
K06881,1.6835752816223222
K00856,1.6816580314352871
K09607,1.6811637108839894
k__Bacteria|p__Bacteroidetes|c__Bacteroidia|o__Bacteroidales|f__Porphyromonadaceae|g__Porphyromonas|s__Porphyromonas_somerae,1.679991332377531
K13292,1.678615133139826
K10026,1.6727054278362599
K07451,1.6725323990522112
K07491,1.6720042059059748
K16003,1.669246509975092
K18220,1.6604596060924388
K06320,1.6597070487578058
K23104,1.6592858515623403
k__Bacteria|p__Bacteroidetes|c__Bacteroidia|o__Bacteroidales|f__Porphyromonadaceae|g__Odoribacter|s__Odoribacter_splanchnicus,1.6589957135402036
K03292,1.6573939923562133
K01192,1.656330518577302
K21900,1.6556977271429758
K03973,1.6547935661728788
k__Bacteria|p__Actinobacteria|c__Actinobacteria|o__Coriobacteriales|f__Coriobacteriaceae|g__Collinsella|s__Collinsella_intestinalis,1.653152314056798
K01262,1.6519268350984881
K07800,1.651881720959861
k__Bacteria|p__Firmicutes|c__Bacilli|o__Lactobacillales|f__Streptococcaceae|g__Lactococcus|s__Lactococcus_lactis,1.6507586242660104
k__Bacteria|p__Bacteroidetes|c__Bacteroidia|o__Bacteroidales|f__Bacteroidaceae|g__Bacteroides|s__Bacteroides_finegoldii,1.646964841114814
K02108,1.646407526636717
K19119,1.6463123653520555
K10907,1.6449353550196935
k__Bacteria|p__Bacteroidetes|c__Flavobacteriia|o__Flavobacteriales|f__Flavobacteriaceae|g__Cellulophaga|s__Cellulophaga_unclassified,1.6433029817235356
K08384,1.6429682874597766
K03332,1.6412647096803954
K21586,1.6386248290559675
K02199,1.6322100087018003
k__Bacteria|p__Firmicutes|c__Clostridia|o__Clostridiales|f__Clostridiaceae|g__Clostridium|s__Clostridium_sp_KLE_1755,1.6274493140262987
k__Bacteria|p__Firmicutes|c__Clostridia|o__Clostridiales|f__Ruminococcaceae|g__Subdoligranulum|s__Subdoligranulum_variabile,1.6266491854130394
K23103,1.626347314479057
K07718,1.618362892040746
K00571,1.613382758100666
K06020,1.611873555975758
K19334,1.6053459676595554
K06972,1.6042359073837775
K03763,1.602611281698041
K23646,1.5968757488262741
K19853,1.596617036686435
K03313,1.5949051264306002
K06399,1.5920264296437339
K04095,1.5913807054162112
K02422,1.5911790370519119
k__Bacteria|p__Firmicutes|c__Erysipelotrichia|o__Erysipelotrichales|f__Erysipelotrichaceae|g__Catenibacterium|s__Catenibacterium_mitsuokai,1.591148582139559
K00891,1.5890722790439857
K23393,1.5890231825087477
K23229,1.5809494155946544
K09704,1.580819558421351
K09779,1.5803463182169217
K01531,1.580345177228987
K02124,1.57700300470787
K01745,1.5755475370624454
K11145,1.573425958515142
K01278,1.5696798691448866
k__Bacteria|p__Firmicutes|c__Clostridia|o__Clostridiales|f__Ruminococcaceae|g__Anaerotruncus|s__Anaerotruncus_unclassified,1.568972367738749
K21837,1.5688233038276784
K03273,1.5681438793144444
K18954,1.56608968676937
K01585,1.5622628348282854
K02171,1.5611492781140401
k__Bacteria|p__Proteobacteria|c__Gammaproteobacteria|o__Pasteurellales|f__Pasteurellaceae|g__Haemophilus|s__Haemophilus_parainfluenzae,1.5591685345617572
K14623,1.5567121783969864
k__Bacteria|p__Bacteroidetes|c__Bacteroidia|o__Bacteroidales|f__Bacteroidaceae|g__Bacteroides|s__Bacteroides_nordii,1.5545293538088956
K01243,1.5517907185067048
K00721,1.5487162339995793
K09772,1.548016717174501
k__Bacteria|p__Bacteroidetes|c__Bacteroidia|o__Bacteroidales|f__Prevotellaceae|g__Prevotella|s__Prevotella_buccalis,1.5444816365270433
K00425,1.5431856817997356
K00874,1.540790478889899
K07487,1.5392142186174131
K06987,1.5385612512964102
K10240,1.5376511493732286
K00737,1.5362248572400805
K09015,1.5351593344093954
k__Bacteria|p__Firmicutes|c__Bacilli|o__Lactobacillales|f__Streptococcaceae|g__Streptococcus|s__Streptococcus_salivarius,1.5336365293569498
K23453,1.5329489931968934
K10761,1.5310174805745134
k__Bacteria|p__Bacteroidetes|c__Bacteroidia|o__Bacteroidales|f__Porphyromonadaceae|g__Parabacteroides|s__Parabacteroides_merdae,1.5309278786571614
K07273,1.530560869003234
K09384,1.5264936912208176
K07075,1.5262150692719803
K07646,1.5231533419680485
K12243,1.520493957575578
K05837,1.5147491434872746
K03642,1.5138312927538156
K01089,1.5078712828744705
K23131,1.5053426902741165
K00865,1.5052826693608907
K00567,1.5043427800428562
k__Bacteria|p__Firmicutes|c__Clostridia|o__Clostridiales|f__Oscillospiraceae|g__Oscillibacter|s__Oscillibacter_sp_KLE_1728,1.5020902861142502
K01811,1.5006601214117798
K10117,1.5000247789721426
K02406,1.4992707083874806
K00077,1.49857470724896
K01426,1.4982189394004268
K07304,1.497068850314004
K03308,1.4967889141066688
K02557,1.4960516489645632
K02114,1.4954061425651128
K20074,1.493964674244123
K00948,1.4938134156917584
K07699,1.4917042699053082
k__Bacteria|p__Bacteroidetes|c__Bacteroidia|o__Bacteroidales|f__Prevotellaceae|g__Paraprevotella|s__Paraprevotella_xylaniphila,1.4907415074849175
K09155,1.488746494536821
K07095,1.4866420929415594
K20922,1.4848661292362473
k__Bacteria|p__Firmicutes|c__Clostridia|o__Clostridiales|f__Lachnospiraceae|g__Blautia|s__Ruminococcus_gnavus,1.4837504303723026
K01205,1.4832771508154066
K02042,1.4819689551586597
K03077,1.4768772362571891
K07493,1.4747855565557253
K20849,1.473340244023344
K03826,1.4731448457023324
K08659,1.4702843711456763
K01791,1.467341869588377
K07005,1.4663668909424765
K00375,1.4647013229550743
k__Bacteria|p__Bacteroidetes|c__Bacteroidia|o__Bacteroidales|f__Bacteroidaceae|g__Bacteroides|s__Bacteroides_salyersiae,1.4640004025022737
K22900,1.4613842852777401
K03116,1.460108103679882
K09132,1.4592085322401498
K21570,1.4585264903271278
K10823,1.4582656079073728
K20492,1.4539287197840136
K07058,1.4518966649165996
K03154,1.4445933389229102
K07154,1.44386601173664
K09022,1.4423157347196092
K01443,1.4414278034291736
K24180,1.439416624692962
K23631,1.437905411039307
K00016,1.4367135306592853
k__Bacteria|p__Firmicutes|c__Clostridia|o__Clostridiales|f__Eubacteriaceae|g__Eubacterium|s__Eubacterium_sp_3_1_31,1.435280783163755
K01752,1.4343776522937288
K06079,1.4288634369222504
K25089,1.427560590657772
K03771,1.426671767398142
K07082,1.426632635688291
K03147,1.4257319187336135
K06921,1.4249331153350748
K21903,1.4241686340219508
K03610,1.4230598424746828
K03570,1.421829059654553
K00847,1.4211682161949226
K23627,1.4207735762665796
K14761,1.419174464066597
K16106,1.4185275037152636
K20491,1.416253922106987
K04567,1.4130445549817483
k__Bacteria|p__Actinobacteria|c__Actinobacteria|o__Coriobacteriales|f__Coriobacteriaceae|g__Eggerthella|s__Eggerthella_lenta,1.41106824427674
K15531,1.409245517636006
K09691,1.4088103546127924
K01737,1.4063147433007517
K00712,1.4026534336262508
K02410,1.4026056317011315
k__Bacteria|p__Firmicutes|c__Erysipelotrichia|o__Erysipelotrichales|f__Erysipelotrichaceae|g__Erysipelotrichaceae_noname|s__Erysipelotrichaceae_bacterium_3_1_53,1.4004060857603162
K23536,1.3987130362465836
K07458,1.3969996695257072
K19997,1.3964167554468023
K25194,1.3937994633597535
K20709,1.3920018286807998
K14540,1.3900085918467036
k__Bacteria|p__Bacteroidetes|c__Bacteroidia|o__Bacteroidales|f__Bacteroidaceae|g__Bacteroides|s__Bacteroides_sp_1_1_6,1.3886695766705008
K05592,1.3873500849335818
K19225,1.3853791648107248
k__Bacteria|p__Firmicutes|c__Clostridia|o__Clostridiales|f__Lachnospiraceae|g__Coprococcus|s__Coprococcus_eutactus,1.3841441683584819
K02651,1.384020167311061
K01588,1.3835160093321925
K01519,1.381784728293493
K00459,1.3807197751157174
K03169,1.3801130267117934
K13471,1.3800830423424457
K09774,1.3800141855790518
K07238,1.3776811551488175
K15238,1.3766806631665502
K01478,1.376008160876149
K06967,1.3726976892430656
k__Bacteria|p__Firmicutes|c__Clostridia|o__Clostridiales|f__Eubacteriaceae|g__Eubacterium|s__Eubacterium_ramulus,1.3722078470281593
K07010,1.3713687617855572
K03426,1.3706591182890375
K22581,1.3704881677922431
K19639,1.3679582909144252
K08303,1.366529745883094
K16395,1.3643473940119264
K06920,1.3634197727492354
k__Bacteria|p__Bacteroidetes|c__Bacteroidia|o__Bacteroidales|f__Prevotellaceae|g__Prevotella|s__Prevotella_disiens,1.3621458440029495
K15583,1.3608729908637494
K02031,1.3579757424830594
K01998,1.3532842184613367
K23242,1.3525356636899872
k__Archaea|p__Euryarchaeota|c__Methanobacteria|o__Methanobacteriales|f__Methanobacteriaceae|g__Methanobrevibacter|s__Methanobrevibacter_unclassified,1.3519757488538722
K01338,1.3518380420009597
K01953,1.3501647652719777
k__Bacteria|p__Firmicutes|c__Clostridia|o__Clostridiales|f__Clostridiaceae|g__Clostridium|s__Clostridium_bolteae,1.3499683942645768
K01224,1.349404296146526
K03521,1.3481558227529113
K01565,1.3476587691511626
K15390,1.3467028093200466
K01807,1.3464265044867663
K03593,1.345196700028277
k__Bacteria|p__Proteobacteria|c__Gammaproteobacteria|o__Pasteurellales|f__Pasteurellaceae|g__Aggregatibacter|s__Aggregatibacter_unclassified,1.3433436548657383
K06334,1.3393902963989557
K07126,1.3366030757351786
K13468,1.3363269708370322
K07317,1.3346944090094397
K06346,1.332940659116499
k__Bacteria|p__Actinobacteria|c__Actinobacteria|o__Bifidobacteriales|f__Bifidobacteriaceae|g__Bifidobacterium|s__Bifidobacterium_catenulatum,1.3313317676693188
K09769,1.330409970577416
K07729,1.3264061390191224
K16410,1.3251039119372734
K24249,1.3234454180383146
K01552,1.3226433048380342
K07742,1.3217224150727094
K08974,1.32013788046242
K07706,1.3198299083987834
K09955,1.31913710807259
K16211,1.3179878143619088
K07507,1.3167576150444766
K15967,1.316205729916103
K06173,1.3157226302314449
k__Bacteria|p__Firmicutes|c__Clostridia|o__Clostridiales|f__Clostridiaceae|g__Clostridium|s__Clostridium_sp_ATCC_BAA_442,1.3156766337342505
K18640,1.3150960589728076
K19081,1.3146528379183984
K01696,1.3095118886308172
K09976,1.3086701746969949
k__Bacteria|p__Firmicutes|c__Clostridia|o__Clostridiales|f__Clostridiaceae|g__Clostridium|s__Clostridium_asparagiforme,1.3046728800400114
K02013,1.304239615710225
K06147,1.3024958824862507
K03340,1.3012188957097728
K00278,1.3009661123996883
K15773,1.299171523527544
K24560,1.2971710100450735
K07736,1.2958020781079498
K07003,1.2944030150720156
K16408,1.2943248189512766
K11621,1.294214229026689
K02574,1.2889454246018146
K02863,1.2877718653799055
K03671,1.2802029756712685
K06317,1.2793358299895743
K00615,1.2769448246494866
K21038,1.2763602261270484
k__Bacteria|p__Firmicutes|c__Clostridia|o__Clostridiales|f__Lachnospiraceae|g__Anaerostipes|s__Anaerostipes_hadrus,1.2743019778795261
K03071,1.2737809659401995
K02528,1.2736804342307504
k__Bacteria|p__Actinobacteria|c__Actinobacteria|o__Actinomycetales|f__Actinomycetaceae|g__Actinomyces|s__Actinomyces_odontolyticus,1.2735163497145456
K22573,1.272795450257939
K07076,1.2727185082635477
K01179,1.2723345393587757
K15237,1.2716650372585672
K03305,1.2688950225728997
K02982,1.2684270420936596
k__Bacteria|p__Bacteroidetes|c__Bacteroidia|o__Bacteroidales|f__Prevotellaceae|g__Paraprevotella|s__Paraprevotella_unclassified,1.2676780710098638
K03043,1.2670590107009005
K13652,1.2669526333784198
K00169,1.2660415578411586
K00682,1.2638805062633744
K03565,1.2606099564028435
K14136,1.2598247846613
K01251,1.2593655752816584
K03048,1.2570866418791367
K23397,1.2568392381872373
K01881,1.2562329091899709
K20579,1.2553114291940757
K03110,1.255064588664933
K03424,1.2547707461862916
K09749,1.2502954736992193
K01613,1.2492776549952356
K02240,1.2490630485556233
K10540,1.2477750355243364
K03328,1.2454421679867667
K03664,1.2453599091977545
K01839,1.2453468806561405
K03208,1.2447305987843675
K07149,1.243863076264911
K03529,1.2437856599817632
K07862,1.241834955428198
K00651,1.2411113090211037
K11912,1.2396987167421627
K01889,1.2369365696940784
K21675,1.236667351740829
K03312,1.2342258061544233
K12907,1.2278265339054946
K06889,1.2270038247588626
K06180,1.2264894554364174
K07559,1.2262747387503574
K03979,1.2242790328424416
K18536,1.2236536644577378
K21228,1.2201519888803842
K01142,1.2166225337914458
K01626,1.2164413257282227
k__Bacteria|p__Firmicutes|c__Clostridia|o__Clostridiales|f__Lachnospiraceae|g__Lachnospiraceae_noname|s__Lachnospiraceae_bacterium_2_1_58FAA,1.2155563832602563
K00265,1.2133331794063855
K18825,1.2130780922493567
K07322,1.2116950371209838
K07107,1.211424242570498
K12912,1.2091253089829437
K21381,1.2088334957525093
K03152,1.2079278135734013
K01928,1.206851036631628
k__Bacteria|p__Actinobacteria|c__Actinobacteria|o__Bifidobacteriales|f__Bifidobacteriaceae|g__Bifidobacterium|s__Bifidobacterium_longum,1.2057389786714294
k__Bacteria|p__Firmicutes|c__Negativicutes|o__Selenomonadales|f__Acidaminococcaceae|g__Acidaminococcus|s__Acidaminococcus_unclassified,1.2054368189121702
K01258,1.2049447538696785
K13626,1.2044530114974314
K06890,1.2038889649156734
K02005,1.2035731909963898
K07574,1.2013034886272134
K03613,1.1996881921677367
K23130,1.1986026029135204
K10700,1.1985523961573052
K04762,1.1976217197434342
K02926,1.1974691902214516
K12913,1.1960970593564724
K13437,1.1957648146162647
K12410,1.1947143608285795
K01153,1.1943819527100417
K00048,1.1938615935250676
K09702,1.1930394776991269
K04066,1.1916893457218938
K01185,1.1902064507544243
K02415,1.189000372331062
K16899,1.1878931760005527
K02784,1.1860539773315357
K06295,1.1825863297090047
K02028,1.1809687636971327
K06223,1.1798876973693921
K02907,1.1796304773488346
K00266,1.1781213871072358
K01154,1.1779585355791338
k__Bacteria|p__Firmicutes|c__Negativicutes|o__Selenomonadales|f__Veillonellaceae|g__Megamonas|s__Megamonas_funiformis,1.1770422161498475
K09460,1.1769690239052528
K16097,1.1766125706826591
K01534,1.1755749957683237
K03615,1.1748072156988154
K18218,1.1737046584958033
K07284,1.1734678248176313
K00962,1.1733238356989593
K01997,1.1729023193001882
K16566,1.1727454992596864
K03741,1.1726698563006686
K01666,1.1715795985874091
K00625,1.1686895148418397
K00768,1.1674632643504248
K06941,1.167269524948547
K25137,1.163566913643077
K09803,1.1632894452268323
K06286,1.163169817344251
K19068,1.1628748787170422
k__Bacteria|p__Firmicutes|c__Clostridia|o__Clostridiales|f__Lachnospiraceae|g__Dorea|s__Dorea_unclassified,1.161891275116808
K23398,1.1597131492007933
K02396,1.159604705375382
K07497,1.1591010132037771
K15772,1.1589333628484109
K09861,1.15741856388433
K04487,1.156738572024548
K02283,1.1559926824470448
K02372,1.1555434188562628
K01790,1.1543969608057933
K02027,1.153805871527533
K03406,1.1533657821801133
K18221,1.1532745341019046
K25307,1.1525807838625002
K12721,1.1523434668306392
K16109,1.1502890767856084
K19158,1.1495587561839737
K18679,1.1491396519600088
K18843,1.1487407929253055
K01950,1.148170814565669
K06167,1.147619235545785
K00549,1.1469169923182065
K15571,1.146027442204736
K10844,1.144810468249257
k__Bacteria|p__Firmicutes|c__Clostridia|o__Clostridiales|f__Clostridiales_noname|g__Clostridiales_noname|s__Bacteroides_pectinophilus,1.1442127669360989
K07481,1.1425462713777923
K18234,1.141710984817105
K03791,1.1402684933158793
K06416,1.1401928412433306
K04062,1.1379323170458477
K08999,1.1362778722886973
K00075,1.13524858423005
K25603,1.1347984910535114
K02003,1.1305210573955244
K08234,1.1302897435716612
K07726,1.1301284604671717
K02004,1.129948809229969
K04094,1.129541540212808
K02434,1.1282381230012057
K02919,1.128211566543539
K08218,1.1268141633590798
k__Bacteria|p__Firmicutes|c__Clostridia|o__Clostridiales|f__Clostridiaceae|g__Clostridiaceae_noname|s__Clostridiaceae_bacterium_JC118,1.1258362702865217
K20981,1.125623234491281
K09808,1.1241407244797257
K04077,1.1239760484413601
k__Bacteria|p__Proteobacteria|c__Gammaproteobacteria|o__Pasteurellales|f__Pasteurellaceae|g__Haemophilus|s__Haemophilus_pittmaniae,1.121899367985631
K16112,1.1214889126608774
K01890,1.1210872141500334
K07097,1.120752274830914
K01207,1.118793827152327
K01633,1.1180574527818352
K17194,1.1174460728025175
K02481,1.11630253804287
K01126,1.1162967677828364
K02426,1.114357376325637
K03270,1.1142961441869337
K00857,1.1139768935081489
K02876,1.1138390971180414
K01992,1.1137563882016288
K24654,1.1137044692877625
K00912,1.112761694818568
K19725,1.1125058063666957
K03686,1.1123684144977188
K00798,1.1118091394209801
K01299,1.1087207791861111
K03701,1.10789024131395
K09789,1.1057340806713645
K09124,1.1030583196709316
K03892,1.1021621339605148
K06177,1.099542397769251
K01934,1.0985084908711489
K03271,1.097697481043721
K01069,1.0938340849141859
K24561,1.0918683942915064
K00606,1.0870283632748359
K01006,1.0869618775020309
K02836,1.0860375759962115
K07485,1.085453427240277
K12257,1.0854372449502232
K07277,1.0847443533834797
K04757,1.084422073313586
K18682,1.083676672651106
K24562,1.0835286188103013
K19265,1.0820718977632797
k__Bacteria|p__Firmicutes|c__Clostridia|o__Clostridiales|f__Lachnospiraceae|g__Marvinbryantia|s__Marvinbryantia_formatexigens,1.0820417561917481
K02078,1.0818289237408825
K06336,1.0810418438641083
K00761,1.080648249564542
K23199,1.0805202765377486
K20678,1.0802006001413205
K03465,1.0795906304630836
K19699,1.0794163201189761
K01176,1.0787484592947243
K04486,1.0785354574645638
K03524,1.0782793152538905
K00340,1.0757766582973947
K16450,1.075503068653685
K19629,1.0744360673816074
K00147,1.0740647812990527
K03075,1.0719714160998117
K16096,1.071391096304066
K25196,1.070235493073592
K02948,1.0679217705242035
K16926,1.0670676488880366
k__Bacteria|p__Firmicutes|c__Negativicutes|o__Selenomonadales|f__Acidaminococcaceae|g__Acidaminococcus|s__Acidaminococcus_intestini,1.0663953223847715
K03549,1.0663489339294707
k__Bacteria|p__Firmicutes|c__Negativicutes|o__Selenomonadales|f__Acidaminococcaceae|g__Acidaminococcaceae_unclassified,1.064736011815509
K01546,1.061851587644862
K01507,1.061212743567008
K04085,1.061051961432436
K22093,1.05722023091766
K02342,1.0565016822511033
K00341,1.0564257002990831
K01703,1.0559579814189364
K06384,1.0557528952845092
K03770,1.0554965399642209
K07114,1.0553196657903587
K11720,1.054014786157492
K03704,1.0538837451381338
K00432,1.0525963870787751
K07667,1.0525926539617043
K08079,1.0525472799754372
K21574,1.0521791369292222
K01082,1.0520154462004079
K20615,1.050443574447395
K07079,1.050176641911999
K02970,1.0496252076081825
K02529,1.0464352175232492
K02242,1.04635028015036
K03101,1.0459364824200703
K01868,1.0447641873870432
K08681,1.0441890661859319
K03469,1.0438688368894826
K00059,1.0434414481175007
K00796,1.040721937857139
K01000,1.0400863970808085
K11645,1.0382520972088922
k__Bacteria|p__Bacteroidetes|c__Bacteroidia|o__Bacteroidales|f__Bacteroidaceae|g__Bacteroides|s__Bacteroides_dorei,1.0379833687838929
K07455,1.0355698411938292
K24131,1.0353573410836765
K00338,1.0349489926638815
K22390,1.0339397374502781
K01425,1.0325533664351911
k__Bacteria|p__Spirochaetes|c__Spirochaetia|o__Spirochaetales|f__Brachyspiraceae|g__Brachyspira|s__Brachyspira_unclassified,1.0325021729076924
K19858,1.032053600771174
K00683,1.0306134365639499
K00963,1.030204277759816
K01095,1.0301658293292306
K02033,1.029859655902324
K01955,1.029744940713493
K19635,1.0266604002917974
K02761,1.026610952652841
K07482,1.0256259356883632
K00645,1.0250460509801034
K00067,1.023815493541402
K01802,1.0237285438923416
K01208,1.0224323411712208
K02190,1.0224055192247707
K16125,1.0214677969115615
K06438,1.0201704151513669
K15391,1.0175282010477484
K03320,1.0171607772354003
K03427,1.0168221302446872
K20549,1.0162098557735788
K03522,1.016165116070052
K11071,1.0159802298778642
K03744,1.0149568520723404
K21213,1.014749089305037
k__Bacteria|p__Firmicutes|c__Bacilli|o__Lactobacillales|f__Enterococcaceae|g__Enterococcus|s__Enterococcus_faecalis,1.013830874092602
K03046,1.011379418563589
K01818,1.0109474383352755
K00873,1.0104291803181655
K00677,1.0101655003736545
K07460,1.009806039958218
K02759,1.0092979076598532
K14732,1.0089070693484203
k__Bacteria|p__Firmicutes|c__Negativicutes|o__Selenomonadales|f__Acidaminococcaceae|g__Phascolarctobacterium|s__Phascolarctobacterium_succinatutens,1.0088449309841907
K01493,1.0081322280523137
K05340,1.0068742176235845
K20852,1.0065817424974701
K00980,1.0054176852900074
K19092,1.0050291231291293
K00992,1.004266246131006
K00705,1.0036796691601892
K02086,1.0026257380952712
K04068,1.0025426385955098
K01448,1.002194827418858
K06974,1.0021549999219073
K25010,0.99960502696376
K03177,0.9966922328712782
K14698,0.9958956011305383
K03628,0.9958143276671746
K06405,0.9945917093536951
K03073,0.9943738096844703
K03666,0.9939212700664908
K06024,0.990408519966872
K08986,0.9896407524502094
K10546,0.9881272292941481
K10947,0.9849923253104826
K00864,0.9821591271102041
k__Bacteria|p__Bacteroidetes|c__Bacteroidia|o__Bacteroidales|f__Porphyromonadaceae|g__Butyricimonas|s__Butyricimonas_synergistica,0.9816022217437376
K02474,0.9814255020473831
K03621,0.9811038382067588
K06207,0.9803312129224608
K07260,0.9795904295642646
K01356,0.9788644077741496
K16964,0.9787732934073532
k__Bacteria|p__Actinobacteria|c__Actinobacteria|o__Coriobacteriales|f__Coriobacteriaceae|g__Collinsella|s__Collinsella_stercoris,0.9765674300829992
K16568,0.9765245146311341
K00020,0.9757494994264511
K01620,0.975538463755581
k__Bacteria|p__Firmicutes|c__Erysipelotrichia|o__Erysipelotrichales|f__Erysipelotrichaceae|g__Coprobacillus|s__Coprobacillus_sp_29_1,0.975537646474551
K14747,0.9753693423290262
K09710,0.9752231008933414
K16786,0.9749437632708529
K17836,0.9739981496059005
K08138,0.9722724855164379
k__Bacteria|p__Firmicutes|c__Clostridia|o__Clostridiales|f__Oscillospiraceae|g__Oscillibacter|s__Oscillibacter_unclassified,0.9708141371320334
K06373,0.9696534248445751
K21353,0.9686360858258884
K05801,0.9684326733120041
K23518,0.9673899749677697
K14699,0.9662848557345525
K07138,0.9651432815389802
k__Bacteria|p__Bacteroidetes|c__Bacteroidia|o__Bacteroidales|f__Bacteroidaceae|g__Bacteroides|s__Bacteroides_cellulosilyticus,0.9646971747279114
K01060,0.9643366673515128
K00831,0.9625985569346032
K00794,0.9603501238170751
K01183,0.9602262969001407
K05942,0.9597065018424439
K05970,0.9594133889220253
K04771,0.9582878621645228
K25182,0.9580240055852263
K01915,0.9580086023279341
K03734,0.9576515884740461
K05995,0.9575310534382824
K03150,0.955272434423017
K03502,0.9539202198974357
K15988,0.952239011437993
K02965,0.9521267097361432
K07727,0.951980132102104
K01912,0.9516854055591426
K07012,0.9504646346351764
K22391,0.949292394714572
K00821,0.9484691497482292
K03572,0.9465221633463399
K01924,0.9458766214702302
K02039,0.9455442382559294
K01887,0.9436903319774463
K16692,0.9430222802257003
k__Bacteria|p__Acidobacteria|c__Acidobacteriia|o__Acidobacteriales|f__Acidobacteriaceae|g__Granulicella|s__Granulicella_unclassified,0.9429682776894841
K01740,0.9428443681094868
K01710,0.9422629462626393
K01579,0.9421896623989559
K01918,0.9414356661229659
K01921,0.939776160555991
K07105,0.939114085642583
K12952,0.9391000239047544
K16412,0.9384452614433445
K01372,0.9379846445229932
k__Bacteria|p__Bacteroidetes|c__Bacteroidia|o__Bacteroidales|f__Porphyromonadaceae|g__Parabacteroides|s__Parabacteroides_johnsonii,0.9376918590273757
K01815,0.9371322693191318
K00929,0.9357910434264298
K01051,0.9350136058983429
K07052,0.9345399052194767
K09765,0.9344388066292559
K03589,0.9333995221923557
K03789,0.933157327027852
K14417,0.9320770232443418
K09807,0.9317359389259493
k__Bacteria|p__Firmicutes|c__Clostridia|o__Clostridiales|f__Ruminococcaceae|g__Ruminococcus|s__Ruminococcus_albus,0.9307679669618619
K24557,0.9305193787295104
K02334,0.9304950276300529
K18369,0.9297982276304936
K00175,0.929153750561448
K02493,0.9289050770039429
K05799,0.9288735720532438
K01548,0.9285687595092846
K02501,0.9284284331924887
K15558,0.9276436503518427
K01803,0.9272433459436775
K13306,0.9268277555820494
K18138,0.9267652595470917
K03700,0.9260783154932115
K03748,0.9253042469235836
K01653,0.9249854404492872
K00052,0.9249436437021317
K16649,0.9240591985726447
K21744,0.9240185925445943
K00611,0.923341499848898
K01421,0.9211668861280423
K07741,0.9191547529027826
K06942,0.918217223079177
K01719,0.9169022376981913
K06215,0.9112569179214884
k__Bacteria|p__Firmicutes|c__Negativicutes|o__Selenomonadales|f__Veillonellaceae|g__Dialister|s__Dialister_succinatiphilus,0.9095638189464771
K07775,0.9092815062149348
K06076,0.9077073342455092
K01687,0.9068255049405648
K19002,0.9054461103041775
K07405,0.905266098953912
K02072,0.9051036535827295
K02946,0.9049950824105498
K06985,0.9044934779594711
K01689,0.9043895241629762
K21225,0.9038546628034082
K04083,0.9037468374008284
K03722,0.9031870675671565
K21227,0.9023769134323598
K03501,0.9023362075281464
K17832,0.9019619692962763
k__Bacteria|p__Firmicutes|c__Clostridia|o__Clostridiales|f__Lachnospiraceae|g__Dorea|s__Dorea_longicatena,0.9017979125219376
K01658,0.9003964556959495
K12574,0.8988113352752365
K15894,0.8983352077136668
K00694,0.897596588793019
K23875,0.8935562729257039
K05595,0.8934702827245901
K07448,0.8934301038057081
K01874,0.8926057892690517
K06217,0.8883540768156268
K01223,0.8876642554532684
K03827,0.8872727235534457
K01999,0.8868770865574279
k__Bacteria|p__Firmicutes|c__Bacilli|o__Lactobacillales|f__Lactobacillaceae|g__Lactobacillus|s__Lactobacillus_salivarius,0.8867681939095673
K02532,0.8861588937648947
K00170,0.8839208990407837
K10254,0.883574893118289
K03530,0.8825117822141183
K00259,0.882468406808809
K00348,0.8823393549171733
K03798,0.881444085786819
K19191,0.8809340478110189
K02647,0.8802354768085887
K01812,0.8798132182105254
K09005,0.8797179546381764
K19630,0.8792932661390253
K07488,0.8791657628680665
K00003,0.8791159051810333
K07030,0.8789582194594872
K17838,0.8779929284228227
K22278,0.8777986846827113
K02335,0.877580990081693
K07498,0.8772182118418596
K06204,0.8764241175231238
K00286,0.8754745821825016
K06400,0.875240709172426
K21636,0.8745478188438895
K05914,0.8745088520570307
K09768,0.8744446472610384
K03563,0.8742908282892998
K01491,0.8729769752167125
K03629,0.8727870069562828
K07173,0.8710931793252085
K01835,0.8706147302186723
K03737,0.8704687789729584
K16108,0.8695378815527841
K01673,0.8688840695704078
K00797,0.8679781369246432
K01854,0.8665116831161807
k__Bacteria|p__Firmicutes|c__Bacilli|o__Lactobacillales|f__Streptococcaceae|g__Streptococcus|s__Streptococcus_australis,0.8663630691976276
K01809,0.8646381213047729
k__Bacteria|p__Actinobacteria|c__Actinobacteria|o__Bifidobacteriales|f__Bifidobacteriaceae|g__Bifidobacterium|s__Bifidobacterium_pseudocatenulatum,0.8644638889309095
K03698,0.8643480850264453
K25763,0.8640906947380179
K05593,0.8633451251335723
K05896,0.861378172347937
K08591,0.860857036346711
K13283,0.8602040257901507
K19304,0.860182754498504
k__Bacteria|p__Firmicutes|c__Clostridia|o__Clostridiales|f__Ruminococcaceae|g__Subdoligranulum|s__Subdoligranulum_sp_4_3_54A2FAA,0.8601306299678927
k__Bacteria|p__Bacteroidetes|c__Bacteroidia|o__Bacteroidales|f__Bacteroidaceae|g__Bacteroides|s__Bacteroides_plebeius,0.8592246176021879
K10532,0.8585337787085294
K02065,0.8583695589632008
K16117,0.8580435497663035
K02860,0.8577619065435972
K06392,0.857556453254797
K03773,0.8574371704598843
K07335,0.8573985722432507
K08223,0.856507562980819
K07063,0.8561593681018822
K02341,0.8553601291205212
K09014,0.8551957761410388
K08998,0.8525647957753747
k__Bacteria|p__Firmicutes|c__Clostridia|o__Clostridiales|f__Lachnospiraceae|g__Lachnospiraceae_noname|s__Lachnospiraceae_bacterium_1_1_57FAA,0.8516881488383143
K01591,0.8512348531330598
K17103,0.8510213772769881
K00655,0.8510198072235627
k__Bacteria|p__Firmicutes|c__Bacilli|o__Lactobacillales|f__Streptococcaceae|g__Streptococcus|s__Streptococcus_sanguinis,0.8506566837925222
K01869,0.8506473564520959
K15957,0.8504936622848591
K19310,0.8500086061540003
K01139,0.8476452843351537
K00762,0.8468188707442955
K20548,0.8453759656292676
K06001,0.8450056054405143
k__Bacteria|p__Firmicutes|c__Negativicutes|o__Selenomonadales|f__Acidaminococcaceae|g__Acidaminococcus|s__Acidaminococcus_fermentans,0.8433724581700427
K02775,0.8421510715515935
K20488,0.8420608484520863
K02429,0.8406141367258857
K06338,0.8400408305733384
K03269,0.8391697551887708
K02887,0.838742093756078
K21470,0.8364556853639393
k__Bacteria|p__Bacteroidetes|c__Bacteroidia|o__Bacteroidales|f__Prevotellaceae|g__Prevotella|s__Prevotella_copri,0.8347544849966635
K04047,0.8340434622746183
K01808,0.8325854235026728
K01433,0.8296882649028652
K06958,0.828563796305838
K01783,0.8282847063986737
K23876,0.8281657879297153
K09968,0.8281517498598936
K03303,0.8280092600616598
K07454,0.8279998231928356
K20866,0.8277877343652988
k__Archaea|p__Euryarchaeota|c__Methanobacteria|o__Methanobacteriales|f__Methanobacteriaceae|g__Methanosphaera|s__Methanosphaera_stadtmanae,0.8274743541514806
k__Bacteria|p__Proteobacteria|c__Betaproteobacteria|o__Gallionellales|f__Gallionellaceae|g__Gallionellaceae_unclassified,0.8274234791024319
K03575,0.8273275189167131
K00995,0.8261452165997912
K06213,0.8260775715380025
k__Bacteria|p__Firmicutes|c__Clostridia|o__Clostridiales|f__Lachnospiraceae|g__Butyrivibrio|s__Butyrivibrio_crossotus,0.8255101412069006
K11065,0.8251740510102032
K07007,0.8251393385330301
K06387,0.8243729174919242
K02346,0.8234033790199606
K02988,0.8233198321074673
K06997,0.8226441953083816
K03705,0.8220697428941967
K23535,0.8217636592808
K07009,0.8215411844648729
k__Bacteria|p__Firmicutes|c__Negativicutes|o__Selenomonadales|f__Veillonellaceae|g__Megamonas|s__Megamonas_hypermegale,0.8212039999198085
K01676,0.820786432166637
K00748,0.8206504054110106
K02337,0.8202455495334083
K07080,0.8177288065162396
K06402,0.8162910611954382
K07484,0.8146535328996789
K23997,0.8122350738503833
K18887,0.8121831063876884
K01439,0.8112681845147539
K04065,0.8112392805626267
K02416,0.8108998917596166
K01270,0.8106086838349676
K00895,0.8105979199008257
K14746,0.8103483426502804
K19159,0.8098188640333281
K02014,0.8092222566501673
K03439,0.8089208939418292
K15416,0.808059556612985
K06333,0.8071314938388207
K04070,0.80658088813561
k__Bacteria|p__Fusobacteria|c__Fusobacteriia|o__Fusobacteriales|f__Fusobacteriaceae|g__Fusobacterium|s__Fusobacterium_gonidiaformans,0.8061923300219779
K02760,0.8037228383946021
K01996,0.8036958209576094
K03699,0.803014280238126
K00382,0.8028341763880413
K07738,0.802628844027361
K04069,0.8024666392802768
K06891,0.8019866428385581
K04773,0.801837947219606
K01677,0.8010037255978625
K05606,0.8009893327816789
K05349,0.8009324755221288
K01610,0.8008072942124566
K05770,0.8006360994804663
K15519,0.7996662333653674
K23744,0.7996079040067308
K07720,0.7991745957910971
K08602,0.7958728459452622
K01756,0.7956649993857301
K03558,0.7952543427263621
K03526,0.7943716939716943
K04751,0.7935758755311274
K01181,0.7933138874241157
K07112,0.7925307763912234
K04763,0.7923154464862076
K01649,0.7910851393207794
K15419,0.7876899393028182
K13038,0.7868504465377519
k__Bacteria|p__Firmicutes|c__Bacilli|o__Lactobacillales|f__Enterococcaceae|g__Enterococcus|s__Enterococcus_faecium,0.7868133771471476
K00991,0.7864197427516004
K02057,0.7854767731445191
K07015,0.7853496299239797
K06442,0.7852735160231505
K03106,0.7849831328039671
K01805,0.7845796591125757
K02010,0.7843394524324997
K09951,0.7838428459390298
K25232,0.7837535739362192
K17192,0.783272681959711
K00773,0.7831554298072626
K03783,0.7830876127618402
K02435,0.782656059124289
K07566,0.7823198517817171
K03710,0.7816215993807376
K12063,0.7790894207146226
K03654,0.7778779932075357
K00275,0.7778774022480037
K00764,0.7768331738334346
K03547,0.7763600753478342
K02238,0.7763173849998528
K02906,0.7762784514070472
K15125,0.7761170687499505
K12695,0.7750321013381791
K20707,0.7748408766092716
K06397,0.7723367928429016
k__Bacteria|p__Firmicutes|c__Erysipelotrichia|o__Erysipelotrichales|f__Erysipelotrichaceae|g__Erysipelotrichaceae_noname|s__Erysipelotrichaceae_bacterium_6_1_45,0.7721688952969934
K20541,0.7715901995561535
K00969,0.770539360744802
K22607,0.7704057297445336
K00172,0.7702488017648602
K02536,0.7691660943028142
K02357,0.7687204962985525
K02952,0.768187845274948
K03408,0.7680067352011934
K07584,0.7672705609388648
K01273,0.7660501506761609
K07166,0.7654157281731347
K07263,0.7650160329139852
k__Bacteria|p__Firmicutes|c__Clostridia|o__Clostridiales|f__Lachnospiraceae|g__Lachnospiraceae_noname|s__Lachnospiraceae_bacterium_6_1_63FAA,0.7647196770085366
K24568,0.7636289102579167
K06872,0.7630238629155833
K01990,0.7629468734094139
K03685,0.7629205649465067
K03595,0.7608377387805333
K21001,0.7601958826569388
K01886,0.7600929014224632
K01995,0.7596705377879917
K00799,0.7582328956511855
K03100,0.7581161004694627
k__Bacteria|p__Proteobacteria|c__Gammaproteobacteria|o__Enterobacteriales|f__Enterobacteriaceae|g__Escherichia|s__Escherichia_coli,0.7572911483766152
K06949,0.756567095389068
K01735,0.7561387681207595
K02030,0.7558341870171672
K01787,0.7556153018886059
K00374,0.7552672098796576
K00790,0.7545327773350378
K15384,0.7531322797331059
K03590,0.7525765013069734
K01277,0.7522099306315743
K03587,0.7519741571277287
k__Bacteria|p__Firmicutes|c__Clostridia|o__Clostridiales|f__Clostridiaceae|g__Butyricicoccus|s__Butyricicoccus_pullicaecorum,0.7513344298058561
K18788,0.7509587371241617
K09797,0.7507539230643908
K18680,0.7506256969199934
K04041,0.7500317856579347
k__Bacteria|p__Synergistetes|c__Synergistia|o__Synergistales|f__Synergistaceae|g__Synergistes|s__Synergistes_sp_3_1_syn1,0.7489478322677257
K22247,0.7488612645865875
K23010,0.748127047911107
K03092,0.7475091219921475
K02355,0.7468067348544266
K00945,0.7467830401155859
K01784,0.746407521275837
K21593,0.7454939709332337
K01520,0.7452182161459816
K03608,0.7451799387526971
K21556,0.7443293851338185
K03607,0.7439499107283541
k__Bacteria|p__Firmicutes|c__Clostridia|o__Clostridiales|f__Lachnospiraceae|g__Lachnospiraceae_noname|s__Lachnospiraceae_bacterium_5_1_63FAA,0.7434770396278002
K07568,0.7431825619003067
K01714,0.7419557255016098
K04485,0.7413366547311847
K03816,0.7412594503493859
K03790,0.7407272955524542
K02073,0.7401236948714951
K15051,0.7394962395883302
K19724,0.7393431143420868
K01704,0.739250282633287
K01151,0.7379127050742191
K00826,0.7379036090205723
K03455,0.7378542861315447
K00012,0.7377389205714708
K02037,0.7362510122466064
K03561,0.7361916775738512
K00820,0.7355561276840439
K19221,0.7349991459122934
K03523,0.7348823795085719
K05989,0.7344270107023423
K18114,0.7341432622470135
K26364,0.7330913951705007
K04744,0.7329783160653232
K01155,0.732261501791065
K01866,0.732161734684266
K09787,0.7311940194786029
K00765,0.7309172490695305
K20487,0.7295538171820191
K00177,0.7292914914141827
K02099,0.7285385341297079
K01627,0.7282604959409541
K18475,0.7271070793285569
K11755,0.7268489456346229
K06330,0.7268182786374321
K01515,0.7267619091253387
K21745,0.7262571274031829
K16398,0.7256198547811397
K01914,0.7212293707114518
K16214,0.720965257334678
K09690,0.7208855678545599
K02338,0.7206645764394414
K14246,0.7202927931439229
K00763,0.7193655719922799
K03786,0.7192065287745166
K21018,0.718860525154237
K03818,0.7176621996686616
k__Bacteria|p__Firmicutes|c__Erysipelotrichia|o__Erysipelotrichales|f__Erysipelotrichaceae|g__Erysipelotrichaceae_noname|s__Erysipelotrichaceae_bacterium_2_2_44A,0.7176366887788314
K09458,0.716968456133623
K02945,0.7167188797447995
K01736,0.7159049549595616
K20171,0.7156496651368767
K14245,0.7152857700029888
K02904,0.7140716519509119
K02878,0.7127201202820258
K02356,0.7117219570878849
K03803,0.7114737446026946
K00661,0.7104023186693614
k__Bacteria|p__Actinobacteria|c__Actinobacteria|o__Coriobacteriales|f__Coriobacteriaceae|g__Eggerthella|s__Eggerthella_sp_1_3_56FAA,0.7101076901890313
K06041,0.7098828853659116
K02959,0.7091188096746887
K02315,0.7084835103099705
K23990,0.7084085154363331
K00789,0.7074830801220704
K01624,0.7073676935178775
K03091,0.7071119178435732
K26149,0.7068149978347203
K07192,0.7065418691281542
K00088,0.7062446420304631
K03784,0.7051639586852565
K06153,0.7048473249769759
K13560,0.7048467326845806
K19309,0.7035950687913962
K03324,0.7034349551199689
K21934,0.7022613087626668
K00648,0.7022524815911255
K14371,0.7003665704829083
K07053,0.6995842913029207
K00350,0.6981643159364754
K06221,0.6977564240041777
K02040,0.6976587674507719
K03346,0.6968680962163444
K00247,0.6967759353205929
K03660,0.6967705548786369
K07085,0.6965545072857772
K12149,0.6955269935576728
K15986,0.695068976496257
K02503,0.6935503642495131
K01939,0.6920922376375488
K19116,0.6919280240535953
K00290,0.6916004372796999
K05394,0.6906102728462375
K02916,0.6906007083589395
k__Bacteria|p__Proteobacteria|c__Deltaproteobacteria|o__Desulfovibrionales|f__Desulfovibrionaceae|g__Desulfovibrio|s__Desulfovibrio_desulfuricans,0.6889611763376656
K09922,0.6880515453522061
K00759,0.6859779147671319
K02914,0.6858882019105255
K11991,0.6857825094229996
K07813,0.6852000636736137
K12573,0.6848076069171567
K01200,0.6845854506773283
K08600,0.6836379656974659
K15532,0.6835703147571568
K20831,0.6831270357331453
K09888,0.6830257265773945
K00384,0.6829501112333637
K03111,0.6823136388305753
K06385,0.6822457043738224
K02112,0.6822448644277266
K15255,0.6820910509159114
K09776,0.680969076647012
K00343,0.6807259913766714
K00850,0.6806930506590971
K12910,0.6796107763766439
K22092,0.6793640106620794
K02527,0.6790928934143435
K03282,0.6785069132697523
K01945,0.6777913068710804
K01738,0.6777269673248111
K00971,0.6771062500204095
K01875,0.6760951088799603
K06006,0.6756250625694478
K13319,0.6751998269710336
K12719,0.674103346635998
K02483,0.6738543196242925
K02026,0.6738093980507037
K18707,0.6735844821529274
K02025,0.6716384814753797
K03569,0.6709819371753787
K13280,0.6709681234178727
K04761,0.6706313464164811
K20930,0.6700434143335134
K07473,0.6699456430778772
K01495,0.6689393628084825
K02029,0.6688940486662842
K02343,0.6680813966836414
K24847,0.667567738611663
K24559,0.6666918357024068
K16418,0.6664629679744346
K01892,0.6660282346585905
K16001,0.6659794869601643
K02837,0.6655826753758396
K07000,0.6646234077870711
K23746,0.6638686181408915
K22373,0.6630678364114095
K03470,0.6622170568607507
K02864,0.6618815434121597
K02986,0.6602531848247926
K00287,0.6595060096192312
K19693,0.658800445384254
K00942,0.6585450952225027
K08191,0.6582041897608758
K01449,0.6570479149231648
K11073,0.6569608193233264
K01775,0.6567157884394381
K05594,0.6565118479555815
K19052,0.6561452631831295
K02237,0.6555992739295053
K01303,0.6550390317526025
K02034,0.6550275905730085
K15770,0.6550103821232326
K01778,0.6547090785236342
K00926,0.6543341965115634
K03601,0.653520811541962
K15342,0.6532147066426958
K03746,0.6526299001047238
K02477,0.6523480924843135
K03832,0.6512591747109531
K03442,0.6503244033242428
K24119,0.6502624044514906
K18639,0.6497654181448487
K01497,0.6492608191509837
K08978,0.6492393782941649
K07979,0.6483641339600544
K07056,0.6481026453819216
K06960,0.6471106346270928
K01012,0.6459278600923378
K19689,0.6459268085236496
K15977,0.645748373672172
K08961,0.6456128498793939
K01662,0.6455582383014148
K13747,0.645218825639854
K16787,0.6449249179364591
K20534,0.643274143650725
K18888,0.6425823429217375
K21573,0.642468107831058
K03070,0.6411096655565386
K05808,0.6408183246185167
K03612,0.6404566185444716
K03655,0.6403831095499247
K00057,0.6400399278000994
K01424,0.6391135963458469
k__Bacteria|p__Bacteroidetes|c__Bacteroidia|o__Bacteroidales|f__Bacteroidaceae|g__Bacteroides|s__Bacteroides_sp_1_1_14,0.6389240247153721
K02600,0.6386874021518386
K07478,0.6386085577305468
K06381,0.6384449970798822
K03546,0.6382868217219715
K19166,0.6381386885277556
K02902,0.6375735659275911
K04758,0.6364205767649737
K20170,0.6361655687246579
K07340,0.6360405029883462
K03378,0.6357791653863334
K00981,0.6356153194401452
K01091,0.6355506187446689
K06861,0.6351969090492233
K21571,0.6351684548435479
K07347,0.6350389632312604
K07090,0.6347547260920645
K18928,0.6345984016288582
K01129,0.6343763349514077
K06409,0.6343584993087412
K00018,0.6334154117348515
K16029,0.6328446142551859
K05540,0.6322223569857173
K00927,0.6310191623510908
K26148,0.6309844874840493
K02109,0.6298935334993926
K12373,0.629616743539654
K19302,0.6292684647979989
K03431,0.6291539831672669
K15742,0.6291263139214537
K04652,0.6287741454869391
K00767,0.6284358801003637
K02437,0.6281491835493356
K01991,0.6280499056965658
K16409,0.6279068408821259
k__Bacteria|p__Actinobacteria|c__Actinobacteria|o__Coriobacteriales|f__Coriobacteriaceae|g__Collinsella|s__Collinsella_tanakaei,0.6269554394388501
K23493,0.6268949735408527
K06926,0.6262053149532615
K02939,0.6246327532280661
K20509,0.6236995944486778
K07483,0.6217969743215648
K18346,0.6206222680793826
K00243,0.6204546465596608
K21498,0.6196592112678381
K09747,0.6193860125597396
K06911,0.6191579853247565
K14155,0.618995262709559
K16419,0.6186945673933293
k__Bacteria|p__Firmicutes|c__Clostridia|o__Clostridiales|f__Clostridiales_Family_XI_Incertae_Sedis|g__Parvimonas|s__Parvimonas_unclassified,0.6184528160119903
K01989,0.6178994170911609
K00783,0.617724422966598
K00937,0.6175404607638435
K15921,0.6174772027134121
K00766,0.6173806945971533
K03544,0.6172734274177801
K19651,0.6164381781418292
K02556,0.6159726902114887
K08316,0.6156156018305358
K09800,0.6152630920787434
K01358,0.6146468927086022
K03551,0.6135301765648318
K03839,0.6130396390662962
K00684,0.6126201524809805
k__Bacteria|p__Firmicutes|c__Clostridia|o__Clostridiales|f__Clostridiaceae|g__Clostridium|s__Clostridium_perfringens,0.6124334737336438
K21299,0.6088532427552249
K14445,0.6085802493066642
K18672,0.6081357970342616
K01952,0.6079613054498585
K15418,0.60793267226597
k__Bacteria|p__Firmicutes|c__Erysipelotrichia|o__Erysipelotrichales|f__Erysipelotrichaceae|g__Holdemania|s__Holdemania_unclassified,0.6076167269457035
K00031,0.6067548167738971
K03060,0.6065519434118821
K13043,0.6055231430636876
K23738,0.6045205164125437
K07040,0.6036427986784881
K22090,0.6032635247515774
K04096,0.6032058657974582
K01077,0.6030774675482421
K14059,0.6029340602999533
K11754,0.6002329919465378
K00180,0.6001588951539758
K02935,0.5991822421346982
K13378,0.5989679603098861
K01271,0.5989636114509209
K00640,0.598952334918972
K21908,0.5985345908957191
K01297,0.5975586364620487
K01652,0.5969527294548639
K08309,0.5944162164014376
K03778,0.594293290526361
K18691,0.5932343415030307
K01629,0.5928571298547874
K00986,0.5923728818806882
k__Bacteria|p__Bacteroidetes|c__Bacteroidia|o__Bacteroidales|f__Bacteroidaceae|g__Bacteroides|s__Bacteroides_sp_4_3_47FAA,0.5920819862637846
K03584,0.591804136442985
K06023,0.5915537905148059
K00588,0.5911851652917849
K05988,0.5904785642846914
K02824,0.5898077408792203
K00297,0.5891532067385542
K10206,0.5886012005976177
K09812,0.5882111418877634
k__Bacteria|p__Bacteroidetes|c__Bacteroidia|o__Bacteroidales|f__Prevotellaceae|g__Paraprevotella|s__Paraprevotella_clara,0.5863214779092201
K07339,0.5861025362453305
k__Bacteria|p__Firmicutes|c__Erysipelotrichia|o__Erysipelotrichales|f__Erysipelotrichaceae|g__Erysipelotrichaceae_noname|s__Clostridium_ramosum,0.5858223874274656
K11051,0.5856725339544882
k__Bacteria|p__Firmicutes|c__Erysipelotrichia|o__Erysipelotrichales|f__Erysipelotrichaceae|g__Erysipelotrichaceae_noname|s__Eubacterium_dolichum,0.5853165869411839
K03650,0.5852679858953662
k__Bacteria|p__Proteobacteria|c__Gammaproteobacteria|o__Enterobacteriales|f__Enterobacteriaceae|g__Klebsiella|s__Klebsiella_pneumoniae,0.5850710088044683
K03113,0.583444856129966
K11175,0.5822240548839026
K01883,0.5819276199290428
K00337,0.579407441286317
K17051,0.579396104999428
K00626,0.5793820786166131
K05985,0.579200480602589
k__Bacteria|p__Firmicutes|c__Negativicutes|o__Selenomonadales|f__Veillonellaceae|g__Selenomonas|s__Selenomonas_bovis,0.5786310901166818
K02886,0.578373212833409
K12693,0.5783402893211987
K00041,0.5782030261470916
K14060,0.5754485356019322
K02967,0.5753112477004777
K00133,0.5744049602162645
K07001,0.5742641904953374
K00931,0.5735991183191765
K01582,0.5735602684990168
K01195,0.5734134733777368
K06973,0.5713134166635491
K00974,0.5704552655793051
K06969,0.5702030808615685
K17758,0.5698178802876971
K00848,0.5694802657440003
K04518,0.5693235276144116
K00970,0.5677504837367406
K01951,0.5676620203587359
K03205,0.5652178630912175
K03617,0.5651449247889059
K03321,0.5648527766279541
K09925,0.5645814523836586
K19137,0.5636884253872224
K03665,0.5636755353716526
K03531,0.562933462071267
K03315,0.5620061361213653
K02884,0.5615960512527609
K26078,0.5614802047702999
K00939,0.5610889954495473
K06283,0.5590137866330396
K19167,0.5587975917678667
K07027,0.5579319622379395
K19960,0.5573187525792437
K03525,0.5566985411242025
K01163,0.556408185600952
K01798,0.5558513411588096
K03496,0.5553419350180719
K00600,0.5551648660866659
K00949,0.5547625108019889
K18922,0.5547290938674748
K01533,0.5544227900892299
k__Bacteria|p__Proteobacteria|c__Gammaproteobacteria|o__Enterobacteriales|f__Enterobacteriaceae|g__Klebsiella|s__Klebsiella_oxytoca,0.5534606601099734
K03327,0.5510101045430204
K07258,0.5495797039271463
K03462,0.5484079432230773
K07124,0.5470286164372692
K07492,0.5463363656604034
K03183,0.54542303753578
K02867,0.5452056399708403
K01625,0.5449369448331202
K00760,0.5446921547171514
K07240,0.5441603721628764
K01785,0.5437447899542995
K17048,0.5426163746074
K17609,0.5424361602526853
K23537,0.5423615427071061
K19115,0.5416989661935059
K07462,0.5416563257294875
K01858,0.5410293728955324
K19955,0.54085402892178
K23862,0.540397569478724
K25147,0.5399815172542011
K01406,0.5395859580464679
K07037,0.5393427417450266
K15460,0.5392720351319412
K01159,0.5389850505380275
K02172,0.5372497370299198
K06894,0.5368139074844231
K20265,0.536665807303048
K00566,0.5355767491355385
k__Bacteria|p__Firmicutes|c__Clostridia|o__Clostridiales|f__Lachnospiraceae|g__Anaerostipes|s__Anaerostipes_unclassified,0.5339914963114955
K20386,0.5332154194231816
K02879,0.5327201463369385
K01940,0.5319510872437216
K02954,0.5319097219444255
K01733,0.5317209171103011
K02500,0.5316451861819972
K03088,0.531401363305572
K16509,0.5308961481241518
K00215,0.5307990896808343
K11148,0.5303689060756321
K14742,0.5302404236443804
K10440,0.5300800802516448
K02358,0.5296191760289686
K06201,0.5287540704730367
K03811,0.5276921438125967
K21071,0.5276877654177912
K03929,0.5262828089398632
K18979,0.5257782264470683
K03975,0.5256168693639088
K02687,0.5249173796518058
K06867,0.5246666250227418
K01804,0.5246324322142704
K03076,0.5240356745206273
K00145,0.5238298728935973
K24555,0.5237054691315243
K02823,0.5233710498312092
K03437,0.5233507456482545
K13070,0.5233487081543385
K02231,0.5222579172950593
K12906,0.5217911987265279
K06113,0.5191430359616281
K10563,0.518058484287844
K03646,0.5180004441765451
K02963,0.5165798007144471
K02890,0.5165170795507894
K06287,0.5164984955699725
K24566,0.5157218126146256
K06298,0.5157150460217903
K10124,0.5155094268129068
K03585,0.5154679917122819
K21221,0.5153855046555645
K03527,0.5150152665931905
K02996,0.513939535809181
K05919,0.5136962965680101
K01586,0.5136170800801624
K16394,0.5128777675681657
K16558,0.512136816214469
k__Bacteria|p__Firmicutes|c__Bacilli|o__Lactobacillales|f__Streptococcaceae|g__Streptococcus|s__Streptococcus_vestibularis,0.5115886691564737
K09992,0.5110050251441811
K21175,0.5107091548448998
K03210,0.5105431680906335
K00652,0.5102894334036093
K02968,0.5095397396908037
K18581,0.5094816816854255
K04074,0.5087286364669079
K23251,0.5082845879533076
K02110,0.5069144197207108
K06205,0.5065900450447401
K25706,0.506403505397423
K03310,0.5063684303713617
K00859,0.5063074097313882
K05832,0.5052486994318262
K19091,0.5050365471561188
K18920,0.5048553170981847
K03498,0.5037995598449747
K21600,0.503516202991701
K03299,0.5030941070181079
K07326,0.5024330459918883
K04488,0.5016970178385196
K12308,0.5015329368661642
K17828,0.5007849886269419
K02115,0.5001557716566031
K07078,0.5000932574257568
K12518,0.4999076806665252
K00957,0.49959270932140076
K21673,0.49942710783579686
K01876,0.4993981918218484
K16053,0.49928918611930706
K20836,0.4980354249455508
K00604,0.4976696099301949
K18353,0.4975414813215978
K02851,0.4974997844906232
K16411,0.49674986572469415
K03386,0.4966892046659227
K02909,0.4959915534482163
K03648,0.495369962195123
K07042,0.4949458697456025
K16413,0.4946496738773424
K22214,0.49439022020259926
K07301,0.49430704422752225
K03534,0.4929868529125038
K06413,0.49177914241499476
K02888,0.48988769383231084
K14055,0.48949745561094277
K22927,0.48877870491923747
K14373,0.4886357779000661
K07495,0.48791574076221356
K02035,0.48710158491439426
k__Bacteria|p__Bacteroidetes|c__Bacteroidia|o__Bacteroidales|f__Porphyromonadaceae|g__Parabacteroides|s__Parabacteroides_goldsteinii,0.4855248122221319
K00349,0.4853827305712407
K01201,0.4851924420576042
K01206,0.48491950245943105
K22132,0.48473817850389994
K11904,0.4845436142554668
K15771,0.4828552084313705
K03536,0.4826860762450399
k__Bacteria|p__Firmicutes|c__Bacilli|o__Lactobacillales|f__Streptococcaceae|g__Streptococcus|s__Streptococcus_anginosus,0.4814705116168559
K11741,0.48144376684103296
K03657,0.48102243627885877
K00946,0.47862565345985486
K02601,0.47823010536876226
K06933,0.47796926455339045
K03495,0.47727559516987905
K03924,0.4764672960109199
K00954,0.47566021213242027
K13735,0.4750967287973212
K01138,0.47493826862955235
K16116,0.47459635977974474
K02495,0.47365480762254736
K10536,0.47352606823914817
K07098,0.4720207581683495
k__Bacteria|p__Firmicutes|c__Negativicutes|o__Selenomonadales|f__Veillonellaceae|g__Veillonella|s__Veillonella_sp_6_1_27,0.47162193438270966
K00330,0.4713777419157108
K03668,0.4712144281743298
K11070,0.47085845962464656
K02038,0.470693577631433
K19175,0.47048111563690936
K00040,0.46998613885261253
K03602,0.4696442601270925
K04078,0.46961745029056595
K06379,0.46899764887074885
K24558,0.46860751730582295
K20340,0.46801407557972696
K23675,0.46791353141633935
K01005,0.4673385332925427
K10961,0.46691944862140844
K21179,0.46668701046655287
K24556,0.46651650245211884
K09811,0.4644634473279397
K22423,0.4641552815681918
K11202,0.463955771197272
K03976,0.46373568217202404
K02961,0.4635334902363803
K13678,0.4628948130175537
k__Bacteria|p__Firmicutes|c__Erysipelotrichia|o__Erysipelotrichales|f__Erysipelotrichaceae|g__Coprobacillus|s__Coprobacillus_unclassified,0.46236629070335045
K07165,0.4613596660661831
K00950,0.4610780137882053
K03307,0.4598416411881733
K03797,0.4597794115703629
K01923,0.45914906660220367
K07346,0.45819989762525615
K03553,0.45812814946293245
K01686,0.4574932931745877
K19295,0.45680106450617664
k__Bacteria|p__Bacteroidetes|c__Bacteroidia|o__Bacteroidales|f__Bacteroidaceae|g__Bacteroides|s__Bacteroides_barnesiae,0.456225816873518
K06975,0.45577691157722616
K00656,0.45529300775705883
K01547,0.4550992713166078
K18197,0.45359805232259914
K05366,0.4535259731819619
K07068,0.4525359301248902
K02066,0.45214538078084454
K14652,0.4513513019537596
K02913,0.4513268396854043
K07780,0.4512741774087165
K15573,0.45102637340004836
K01813,0.4508700232878425
K03624,0.4501571086157075
K00876,0.449558749806098
K00793,0.4492131388752193
K01711,0.44759896731283827
K19650,0.44634634579369475
K25998,0.4460775129300541
K04769,0.44549254674347516
K25026,0.44537266768019956
K02526,0.44481884856031334
K01209,0.4443869356691664
K06168,0.44388048622476656
K07386,0.44377723777415234
K19108,0.44283024007983807
K03497,0.4419848666420853
K08676,0.4412514522336957
K04079,0.4399272548127955
k__Bacteria|p__Bacteroidetes|c__Bacteroidia|o__Bacteroidales|f__Prevotellaceae|g__Alloprevotella|s__Alloprevotella_unclassified,0.4388995910470583
K15572,0.4385741612013554
K01885,0.4364465056772767
K00930,0.43637980106074803
K15090,0.43597024772133997
K19958,0.43461745479589386
K03550,0.4344601627899416
K03703,0.43373560154111174
K00602,0.43187312534734634
K09816,0.43169791825493603
K01265,0.4312005793599333
K07259,0.43022356496354963
K21575,0.43015260577055353
K00941,0.4292121252647067
K06142,0.42905440391904814
K02377,0.42857235959945233
K04564,0.4267482922946288
K02834,0.4261703214015087
K16002,0.42476079562038077
K09157,0.4242312682672429
K01956,0.4237943971465905
K00975,0.42351884002368523
K01621,0.4235028583293525
K00262,0.42339587598871153
K00919,0.42312894177211624
K24567,0.42286869064173055
k__Bacteria|p__Firmicutes|c__Erysipelotrichia|o__Erysipelotrichales|f__Erysipelotrichaceae|g__Holdemania|s__Holdemania_sp_AP2,0.42274095083120905
K03719,0.4221449746346424
k__Bacteria|p__Firmicutes|c__Erysipelotrichia|o__Erysipelotrichales|f__Erysipelotrichaceae|g__Solobacterium|s__Solobacterium_moorei,0.41999906668024434
K01173,0.41577535367104795
K21064,0.41534858720603707
K16789,0.4148973536794014
K01873,0.4147975846678917
K02800,0.414148437015678
K01872,0.4140909843717919
K16833,0.4131493385908797
K00426,0.4126049217777517
K02990,0.4113669456024765
K06178,0.41129634108926266
K11753,0.41124197567841786
K05839,0.41096735205084156
K03723,0.4103085507358584
K03581,0.4089092443236893
K05833,0.408789398425137
K01867,0.407457839888246
K09117,0.4073666331823879
K09777,0.4066931033430538
K23747,0.4060174743644844
K14744,0.40574252919758796
K01734,0.404543504379032
K00099,0.40421963886782614
K18831,0.40367254242277645
K07407,0.40155797620172584
K02911,0.40154322604575393
K07350,0.4002334541537444
K21572,0.39981651027369214
K00782,0.39937698566927393
K15635,0.3985188600282714
K07171,0.3978519273617238
K01604,0.39725959020960705
K07137,0.3968846817979236
K11749,0.39519955959621744
K02313,0.39512102022672085
K19762,0.3948104655346388
K07345,0.3931596614809604
K00620,0.39213652491161505
K17686,0.3920050221131482
K02518,0.391297273928617
K02168,0.3912337187875867
K07221,0.3905743134338
K01754,0.38896526388861863
K06518,0.3888890358812161
K00849,0.38699122518209694
K02650,0.3853076858883876
K11072,0.3848296505748251
K03201,0.38431992928780667
K02314,0.3834400186942689
K00616,0.3831285006804109
K07357,0.38164205452448563
k__Bacteria|p__Firmicutes|c__Bacilli|o__Lactobacillales|f__Lactobacillaceae|g__Pediococcus|s__Pediococcus_pentosaceus,0.38008949509821577
K02892,0.3799606287029704
K00800,0.37968310901623725
K23365,0.3791924691777195
K16110,0.3790143346663195
K03291,0.37897232435897577
K02822,0.37826695716688014
K08640,0.37796383846943304
K07496,0.37503754595081423
K03625,0.37348695675563665
k__Bacteria|p__Firmicutes|c__Bacilli|o__Lactobacillales|f__Streptococcaceae|g__Streptococcus|s__Streptococcus_parasanguinis,0.3721834038733456
K03215,0.37118485802749845
K01880,0.3709571720133307
K03559,0.3708633180813162
K01174,0.370736785083178
K06133,0.37036862305739915
K00176,0.3695663869702867
K03776,0.36864348108007405
K09748,0.36858453525473595
K00241,0.3673890277195768
K07456,0.3671721800833392
k__Bacteria|p__Firmicutes|c__Bacilli|o__Lactobacillales|f__Streptococcaceae|g__Streptococcus|s__Streptococcus_sobrinus,0.36714633589144197
K05992,0.36666821953712886
K01972,0.3666215260272968
K19824,0.3660412154968039
k__Bacteria|p__Firmicutes|c__Clostridia|o__Clostridiales|f__Lachnospiraceae|g__Lachnospiraceae_noname|s__Lachnospiraceae_bacterium_9_1_43BFAA,0.36555659081022074
K01893,0.3650926332251133
K00788,0.36433478047148976
K02931,0.3642235193119596
K00812,0.36409192582140804
K11383,0.36345493975840737
K00858,0.3630511636888457
K16399,0.3624936656551597
K23748,0.36119939472052404
K12517,0.36039133132362383
K01462,0.3578872729758539
K07560,0.35741429718836565
K16407,0.35728476722396785
K00124,0.35728233054759934
K03499,0.35677582858624635
K24528,0.35668437998605995
K18862,0.3555799265897083
K00174,0.3550191245762977
K00053,0.3538588498913587
K01695,0.3533834643212647
k__Bacteria|p__Firmicutes|c__Clostridia|o__Clostridiales|f__Clostridiaceae|g__Clostridium|s__Clostridium_hathewayi,0.352953883966614
K02340,0.3523697518125985
K19222,0.3513097210914049
K01925,0.3507604756962295
K07391,0.35059940587870664
K03168,0.3501704257376976
K09762,0.3499821114312825
K02956,0.3482265702914399
K16405,0.3463761814309636
K02874,0.34574169487904605
K22293,0.3455516069561735
K03217,0.3454831200314705
K03545,0.34374700132684344
K23108,0.3431391606018184
K01776,0.3410034514108644
K22798,0.3404478087704728
K16000,0.33940713046922155
K23230,0.33921074503268195
K03631,0.3390068398077752
K02871,0.3386839299423562
K02821,0.338529365176693
K00548,0.33796312183266747
K14441,0.3378190524001016
K00925,0.33721035247799214
K06925,0.33613981612233695
K23367,0.33604750529007615
K03453,0.33471999392704893
K04759,0.33397907337711774
K15633,0.33385935904515945
K02895,0.33328871848470526
K06158,0.3323297872052489
K05810,0.331759744383043
K01861,0.33022227613172933
k__Bacteria|p__Bacteroidetes|c__Bacteroidia|o__Bacteroidales|f__Prevotellaceae|g__Prevotella|s__Prevotella_stercorea,0.32948887389374254
K00851,0.3294104460184075
K02564,0.3289564602284783
K18697,0.32875381375742496
K16032,0.3272252917762971
K03517,0.3269573821376005
K02994,0.32541024588086864
K02217,0.3248512420195981
K00700,0.3238282162410501
k__Bacteria|p__Bacteroidetes|c__Bacteroidia|o__Bacteroidales|f__Bacteroidaceae|g__Bacteroides|s__Bacteroides_sp_3_1_23,0.3234465293935463
K02111,0.32333416228629835
K00558,0.32203860185836336
K04651,0.32115734265516405
K01061,0.3211292434100643
K15923,0.32002880031904435
K16401,0.3192802014218579
K01755,0.31885236288302904
K03216,0.31843244983701435
K06374,0.31739736087359405
K03438,0.3149041326096224
K18189,0.31347758946907
K04075,0.31303060076265377
K01966,0.3128514186249692
K19763,0.31169166179096897
K03614,0.3101512652708558
k__Bacteria|p__Firmicutes|c__Bacilli|o__Lactobacillales|f__Lactobacillaceae|g__Lactobacillus|s__Lactobacillus_mucosae,0.3087276035585007
K26041,0.3078827211035053
K03402,0.3060457383389193
K07447,0.30461891742424557
K02835,0.30429423080456747
K16406,0.3041849932476412
k__Bacteria|p__Proteobacteria|c__Gammaproteobacteria|o__Enterobacteriales|f__Enterobacteriaceae|g__Citrobacter|s__Citrobacter_unclassified,0.3037506054752055
K22522,0.30350600753456053
K03978,0.30336965140303984
K02899,0.30310540934987806
K01770,0.3027980331671592
K09760,0.3017808039628522
K15887,0.301678411526152
K06187,0.3010874727571553
K09761,0.3007899960628001
K00046,0.29965274115829155
K01447,0.2993274263898196
K22323,0.29914500055005194
K06383,0.2988509166425466
K02520,0.29738885084838723
K02950,0.296836169277293
K21063,0.2967779357780911
K10773,0.29519833389235545
K02519,0.2949957378189046
K01198,0.2949304921594345
K06871,0.29325243812240337
K01810,0.2928354728328418
K11752,0.2928046007320909
K01870,0.2926633710255796
K06131,0.2902559621231305
K07091,0.28929428747437214
K07139,0.2884596676767569
K03930,0.2882501308560503
K02856,0.2856799893030271
K02113,0.2844372342442453
K03787,0.2842302587910077
K16785,0.2821831137521213
K02036,0.28004005051911385
K01926,0.27572159407213276
K03687,0.2738822331044656
K01119,0.27318269840406556
K25919,0.27107573014335984
K16031,0.27084157132298536
K00979,0.270795677650308
K00817,0.26970080008413294
K09457,0.26930885268756694
K00331,0.2685754860365479
K01190,0.26557240382566644
K09903,0.2654701167274361
K23745,0.26321068014658133
k__Bacteria|p__Bacteroidetes|c__Bacteroidia|o__Bacteroidales|f__Porphyromonadaceae|g__Odoribacter|s__Odoribacter_unclassified,0.2619495596791163
K19294,0.26132405250637747
K16030,0.2598321425643884
K00688,0.25866210910271087
K16007,0.2575200808616893
K02563,0.25462989275569836
K12340,0.2546004305340784
K03555,0.24796197709815185
k__Bacteria|p__Firmicutes|c__Clostridia|o__Clostridiales|f__Clostridiaceae|g__Clostridium|s__Clostridium_nexile,0.24632348311387367
K01284,0.24591850881437985
K15032,0.24541957708926543
K01933,0.24537766876857567
K05601,0.24310429839260403
K11050,0.24296817306184978
k__Bacteria|p__Firmicutes|c__Negativicutes|o__Selenomonadales|f__Veillonellaceae|g__Megamonas|s__Megamonas_rupellensis,0.2412177172388032
K01619,0.2409016774954538
K01056,0.24035721836207286
K07164,0.24032315196699888
k__Bacteria|p__Actinobacteria|c__Actinobacteria|o__Bifidobacteriales|f__Bifidobacteriaceae|g__Bifidobacterium|s__Bifidobacterium_animalis,0.2402964124061076
K02992,0.2393713273572706
K19299,0.2386484338840039
k__Bacteria|p__Firmicutes|c__Negativicutes|o__Selenomonadales|f__Veillonellaceae|g__Veillonella|s__Veillonella_sp_3_1_44,0.23854171560378173
K00791,0.23774399988428177
K03977,0.2352463345669038
k__Bacteria|p__Firmicutes|c__Bacilli|o__Lactobacillales|f__Lactobacillaceae|g__Lactobacillus|s__Lactobacillus_reuteri,0.234882115561047
k__Bacteria|p__Proteobacteria|c__Gammaproteobacteria|o__Enterobacteriales|f__Enterobacteriaceae|g__Shigella|s__Shigella_flexneri,0.23447204918283396
K15869,0.2340698683769865
K00784,0.2316890873178129
K03596,0.23127431014108568
K02316,0.230162701628383
K20339,0.22773513704123108
K00208,0.22759114542986547
K00134,0.2269060536455017
K03413,0.22670257904882754
k__Bacteria|p__Firmicutes|c__Bacilli|o__Lactobacillales|f__Lactobacillaceae|g__Lactobacillus|s__Lactobacillus_casei_paracasei,0.2259268064899487
K07059,0.22414501458524366
K06887,0.2232632159782442
K09125,0.2218758771914485
k__Bacteria|p__Proteobacteria|c__Gammaproteobacteria|o__Enterobacteriales|f__Enterobacteriaceae|g__Klebsiella|s__Klebsiella_unclassified,0.21827027247870054
K21237,0.217273334150367
K05794,0.2170119170650625
K02838,0.2143152730357325
K03925,0.21259720067700377
K01657,0.2123141254412479
k__Bacteria|p__Firmicutes|c__Bacilli|o__Lactobacillales|f__Leuconostocaceae|g__Weissella|s__Weissella_unclassified,0.20696870081882668
K01081,0.205319293617431
K19543,0.2052939199968419
K23749,0.2042280741644574
K03040,0.20316866063557848
K06959,0.1998208318454963
k__Bacteria|p__Firmicutes|c__Clostridia|o__Clostridiales|f__Clostridiales_Family_XI_Incertae_Sedis|g__Parvimonas|s__Parvimonas_micra,0.1941673919900459
K01897,0.19404133356601633
K08364,0.1912161654688539
K16363,0.18836720828948797
K07480,0.1852570014530062
K02933,0.18465977002050987
K24569,0.1832522546837902
K02881,0.1826795698234436
K12684,0.18100740238531512
K03194,0.18066526463007174
K00554,0.18055249794110434
K03718,0.18033645632248863
K16402,0.17784496990725002
K00610,0.1732635872513081
k__Bacteria|p__Bacteroidetes|c__Bacteroidia|o__Bacteroidales|f__Bacteroidaceae|g__Bacteroides|s__Bacteroides_sp_2_1_22,0.1732104483844496
K03702,0.1728648931770284
K00528,0.1727982718584784
K03203,0.16946294280386737
k__Bacteria|p__Proteobacteria|c__Gammaproteobacteria|o__Enterobacteriales|f__Enterobacteriaceae|g__Proteus|s__Proteus_penneri,0.16015122891257758
K20266,0.15178680817734516
k__Bacteria|p__Firmicutes|c__Clostridia|o__Clostridiales|f__Clostridiaceae|g__Clostridium|s__Clostridium_saccharolyticum,0.14919034770445683
K06901,0.1484486369576468
K00240,0.1478572370418132
k__Bacteria|p__Firmicutes|c__Clostridia|o__Clostridiales|f__Ruminococcaceae|g__Ruminococcus|s__Ruminococcus_sp_JC304,0.14686393122428573
K01937,0.14462474059109043
k__Bacteria|p__Firmicutes|c__Clostridia|o__Clostridiales|f__Clostridiaceae|g__Clostridium|s__Clostridium_sp_D5,0.1202404226896729
k__Bacteria|p__Bacteroidetes|c__Bacteroidia|o__Bacteroidales|f__Porphyromonadaceae|g__Odoribacter|s__Odoribacter_laneus,0.11626602526484311
K09961,0.10425716760067129
K21525,0.1009489267569203
K03200,0.09966459543074578
K00609,0.08965900080289194
K20530,0.08693356395882867
k__Bacteria|p__Proteobacteria|c__Gammaproteobacteria|o__Alteromonadales|f__Pseudoalteromonadaceae|g__Pseudoalteromonadaceae_unclassified,0.08135159667290029
k__Bacteria|p__Firmicutes|c__Clostridia|o__Clostridiales|f__Clostridiaceae|g__Clostridium|s__Clostridium_sp_M62_1,0.08129031327552842
k__Bacteria|p__Spirochaetes|c__Spirochaetia|o__Spirochaetales|f__Spirochaetaceae|g__Treponema|s__Treponema_succinifaciens,0.0811499882256588
K21502,0.07596879167794195
k__Bacteria|p__Firmicutes|c__Erysipelotrichia|o__Erysipelotrichales|f__Erysipelotrichaceae|g__Erysipelotrichaceae_noname|s__Erysipelotrichaceae_bacterium_5_2_54FAA,0.06891373885264157
k__Bacteria|p__Actinobacteria|c__Actinobacteria|o__Coriobacteriales|f__Coriobacteriaceae|g__Enterorhabdus|s__Enterorhabdus_caecimuris,0.0662533753784348
K01355,0.06515591887795721
k__Bacteria|p__Proteobacteria|c__Gammaproteobacteria|o__Enterobacteriales|f__Enterobacteriaceae|g__Citrobacter|s__Citrobacter_koseri,0.0586857094167466
k__Bacteria|p__Bacteroidetes|c__Bacteroidia|o__Bacteroidales|f__Bacteroidaceae|g__Bacteroides|s__Bacteroides_sp_3_1_19,0.05486137325351362
k__Bacteria|p__Firmicutes|c__Bacilli|o__Lactobacillales|f__Leuconostocaceae|g__Weissella|s__Weissella_confusa,0.053437126218338994
k__Bacteria|p__Bacteroidetes|c__Bacteroidia|o__Bacteroidales|f__Bacteroidaceae|g__Bacteroides|s__Bacteroides_sp_3_2_5,0.05339536760584261
k__Bacteria|p__Firmicutes|c__Clostridia|o__Clostridiales|f__Lachnospiraceae|g__Lachnospiraceae_noname|s__Lachnospiraceae_bacterium_3_1_57FAA_CT1,0.05305641794010813
k__Bacteria|p__Firmicutes|c__Clostridia|o__Clostridiales|f__Clostridiaceae|g__Clostridium|s__Clostridium_butyricum,0.05003339029508211
k__Bacteria|p__Firmicutes|c__Negativicutes|o__Selenomonadales|f__Acidaminococcaceae|g__Acidaminococcus|s__Acidaminococcus_sp_D21,0.0466821724257869
k__Bacteria|p__Bacteroidetes|c__Bacteroidia|o__Bacteroidales|f__Bacteroidaceae|g__Bacteroides|s__Bacteroides_fluxus,0.029869055667456738
k__Bacteria|p__Firmicutes|c__Bacilli|o__Lactobacillales|f__Lactobacillaceae|g__Lactobacillus|s__Lactobacillus_fermentum,0.019973570400904504
k__Bacteria|p__Bacteroidetes|c__Bacteroidia|o__Bacteroidales|f__Bacteroidaceae|g__Bacteroides|s__Bacteroides_oleiciplenus,0.014288877172132824
k__Eukaryota|p__Eukaryota_noname|c__Eukaryota_noname|o__Eukaryota_noname|f__Eukaryota_noname|g__Entamoeba|s__Entamoeba_dispar,0.0
k__Bacteria|p__Bacteroidetes|c__Bacteroidia|o__Bacteroidales|f__Bacteroidaceae|g__Bacteroides|s__Bacteroides_sp_1_1_30,0.0
k__Bacteria|p__Bacteroidetes|c__Bacteroidia|o__Bacteroidales|f__Bacteroidaceae|g__Bacteroides|s__Bacteroides_sp_2_1_56FAA,0.0
k__Bacteria|p__Bacteroidetes|c__Bacteroidia|o__Bacteroidales|f__Bacteroidaceae|g__Bacteroides|s__Bacteroides_sp_9_1_42FAA,0.0
k__Bacteria|p__Firmicutes|c__Negativicutes|o__Selenomonadales|f__Acidaminococcaceae|g__Acidaminococcus|s__Acidaminococcus_sp_BV3L6,0.0
k__Bacteria|p__Proteobacteria|c__Gammaproteobacteria|o__Pseudomonadales|f__Moraxellaceae|g__Acinetobacter|s__Acinetobacter_lwoffii,0.0
